MET_ID	1	10	11	100	101	110	111	Volume corrected	min_dist	max_dist	mean_dist	Nearest Vessel Thickness	Vessel Volume	Clone1	Clone2	Clone3	Clone4	Clone5	Clone6	Clone7	Volume	Box.X.Min	Box.X.Max	Box.Y.Min	Box.Y.Max	Box.Z.Min	Box.Z.Max	MetNum_that_touches	number_of_touchPoints	total_touching_volume	total_touching_surface_area/2	centroid_x	centroid_y	centroid_z
297	0.003093831	0.0	0.0	0.996906169	0.0	0.0	0.0	845501.3775000001	0.0	85.52531996	26.00443347	10.278154	635757.138	1	0	0	1	0	0	0	21656	426	495	1561	1677	17	97	297.0	32.0	9333.863	3234.5608	460.5	1619.0	57.0
10900	0.969116333	0.0	0.0	0.030883667	0.0	0.0	0.0	23298294.888	0.0	160.3386882	53.55115807	21.898066	6578342.63	1	0	0	1	0	0	0	596744	349	518	609	741	197	443	10900.0	197.0	157582.164	42477.3674	433.5	675.0	320.0
11758	0.0	0.0	0.0	0.99662707	4.21e-06	0.003368719	0.0	9271740.933	0.0	150.1795438	65.72029639	22.902176	1995494.0	0	0	0	1	1	1	0	237479	857	942	1295	1408	209	334	11758.0	36.0	257091.298	36409.4944	899.5	1351.5	271.5
17326	0.990281865	0.0	0.009718135	0.0	0.0	0.0	0.0	1976597.6283	0.0	137.5953388	71.28341532	18.176197	120012.389	1	0	1	0	0	0	0	50627	126	199	454	512	304	393	17326.0	8.0	3983.4897	1098.2719	162.5	483.0	348.5
1839	0.978210212	0.000122644	0.0	0.021667144	0.0	0.0	0.0	955015.2008999999	0.0	140.4145681	76.55653593	11.994571	106460.714	1	1	0	1	0	0	0	24461	291	369	1159	1218	68	121	1839.0	16.0	2811.8751	1030.8109	330.0	1188.5	94.5
19706	0.767677277	0.000113457	1.26e-05	0.232190356	0.0	6.3e-06	0.0	6194070.6291000005	49.98991353	297.4189993	167.7338195	14.419876	151606.93	1	1	1	1	0	1	0	158650	768	927	424	564	352	459					847.5	494.0	405.5
19743	0.995458674	0.0	0.0	0.004541326	0.0	0.0	0.0	300899.47896	77.34172374	207.024233	156.8140996	16.330761	0.0	1	0	0	1	0	0	0	7707	867	911	452	496	353	387					889.0	474.0	370.0
19760	0.996990369	0.003009631	0.0	0.0	0.0	0.0	0.0	194587.12899	21.69733201	125.0240691	82.82092816	15.44379	48309.5755	1	1	0	0	0	0	0	4984	741	779	1558	1606	353	396					760.0	1582.0	374.5
2276	0.004107358	0.001982862	0.0	0.993874372	0.0	3.54e-05	0.0	1102634.3691	87.95584672	262.3567375	169.4014797	25.865334	0.0	1	1	0	1	0	1	0	28242	1415	1494	528	586	76	136					1454.5	557.0	106.0
21920	0.999834457	0.0	0.0	7.09e-05	9.46e-05	0.0	0.0	3301851.5424	0.0	138.8471485	79.74970211	18.527023	133993.657	1	0	0	1	1	0	0	84571	794	868	1052	1119	413	493	21920.0	12.0	3514.8438	1202.9927	831.0	1085.5	453.0
23053	0.117655448	0.760970595	0.0	0.121373957	0.0	0.0	0.0	114160684.5	0.0	231.4969084	81.13961464	18.157091	28959110.6	1	1	0	1	0	0	0	2924021	1097	1343	1064	1322	491	920	23053.0	230.0	1268429.03	174171.02	1220.0	1193.0	705.5
23197	0.0	0.603878116	0.023545706	0.279778393	0.092797784	0.0	0.0	36487155.933	0.0	186.6707626	68.50927811	16.074444	4597064.23	0	1	1	1	1	0	0	934553	161	514	211	552	511	610	23197.0	184.0	192418.172	48794.5116	337.5	381.5	560.5
23799	0.983050847	0.0	0.0	0.016949153	0.0	0.0	0.0	27641.991843	3.6591	57.27397436	33.17156038	14.789723	0.0	1	0	0	1	0	0	0	708	606	620	773	786	551	564					613.0	779.5	557.5
2410	0.021023766	0.0	0.0	0.938756856	0.0	0.040219378	0.0	42712.343325	70.27876276	119.1490352	94.43495524	37.725574	0.0	1	0	0	1	0	1	0	1094	1488	1507	547	560	78	96					1497.5	553.5	87.0
24788	0.984994229	0.015005771	0.0	0.0	0.0	0.0	0.0	101471.09714999999	65.35677649	147.9678528	117.2761387	31.456095	351.4844	1	1	0	0	0	0	0	2599	1223	1242	1211	1230	651	684					1232.5	1220.5	667.5
25260	0.144248009	0.855751991	0.0	0.0	0.0	0.0	0.0	1720323.5679	10.9773	181.9203706	111.3430709	12.812168	54167.6486	1	1	0	0	0	0	0	44063	762	807	523	628	689	775					784.5	575.5	732.0
2703	0.912718204	0.0	0.0	0.087281796	0.0	0.0	0.0	15655.9869	61.71580856	106.8878257	80.80439115	29.73479	0.0	1	0	0	1	0	0	0	401	1435	1453	574	586	82	95					1444.0	580.0	88.5
492	0.00473209	0.000660533	0.0	0.99460651	0.0	0.0	8.67e-07	45039775.608	29.01155853	387.3071666	204.073382	18.418322	726166.732	1	1	0	1	0	0	1	1153613	49	313	252	453	28	183					181.0	352.5	105.5
3308	0.998729755	0.001270245	0.0	0.0	0.0	0.0	0.0	368833.1877	0.0	135.2907371	60.03702703	10.855512	48778.2214	1	1	0	0	0	0	0	9447	359	406	456	498	91	150	3308.0	5.0	937.2917	353.4962	382.5	477.0	120.5
4473	0.965703971	0.034296029	0.0	0.0	0.0	0.0	0.0	21629.468187	62.64107967	99.505167	81.21693307	10.512307	0.0	1	1	0	0	0	0	0	554	395	407	482	499	107	123					401.0	490.5	115.0
7812	0.003204563	0.00017276	0.0	0.996622676	0.0	0.0	0.0	110283817.05	0.0	492.1779496	238.1326438	16.932276	2211656.89	1	1	0	1	0	0	0	2824722	999	1275	325	547	148	398	7812.0	23.0	20073.6636	5375.9239	1137.0	436.0	273.0
1037	0.477443609	0.522556391	0.0	0.0	0.0	0.0	0.0	10385.26812	71.41124614	102.3999795	89.66148033	9.231091	0.0	1	1	0	0	0	0	0	266	656	664	1269	1282	49	60					660.0	1275.5	54.5
9808	0.420911528	0.579088472	0.0	0.0	0.0	0.0	0.0	14562.800784	90.21031735	126.2420859	109.0997862	10.012412	0.0	1	1	0	0	0	0	0	373	404	415	578	597	174	186					409.5	587.5	180.0
12	1.0	0.0	0.0	0.0	0.0	0.0	0.0	98855.25894	61.75937861	145.2436412	109.9601122	14.465682	3710.1129	1	0	0	0	0	0	0	2532	166	214	784	802	0	24					190.0	793.0	12.0
19	1.0	0.0	0.0	0.0	0.0	0.0	0.0	59227.262171999995	0.0	87.78086442	35.75728446	18.333895	7810.764	1	0	0	0	0	0	0	1517	460	488	1167	1185	0	11	19.0	4.0	781.0764	285.8289	474.0	1176.0	5.5
22	0.0	0.0	0.0	1.0	0.0	0.0	0.0	22449.357783	54.10582098	98.48630949	79.01706981	11.960511	1640.2604	0	0	0	1	0	0	0	575	547	561	1346	1357	0	8					554.0	1351.5	4.0
23	0.0	1.0	0.0	0.0	0.0	0.0	0.0	30804.423111	110.1576898	162.4904098	135.5271942	16.400963	156.2153	0	1	0	0	0	0	0	789	946	964	1375	1386	0	24					955.0	1380.5	12.0
27	1.0	0.0	0.0	0.0	0.0	0.0	0.0	100612.16523	104.5324103	162.3594762	134.2818866	26.02683	23510.3997	1	0	0	0	0	0	0	2577	941	963	1576	1607	0	19					952.0	1591.5	9.5
39	1.0	0.0	0.0	0.0	0.0	0.0	0.0	44859.673197	53.29222328	95.94522395	72.2345334	14.681688	156.2153	1	0	0	0	0	0	0	1149	943	959	2087	2101	0	19					951.0	2094.0	9.5
40	1.0	0.0	0.0	0.0	0.0	0.0	0.0	182008187.73	0.0	368.2569733	166.5109797	21.957424	28928570.5	1	0	0	0	0	0	0	4661813	676	931	2202	2447	0	281	40.0	208.0	337698.383	71935.0723	803.5	2324.5	140.5
43	1.0	0.0	0.0	0.0	0.0	0.0	0.0	25092877.023000002	0.0	223.7894227	97.60476592	13.492033	608849.056	1	0	0	0	0	0	0	642709	420	571	2281	2431	0	94	43.0	42.0	102516.278	21459.4683	495.5	2356.0	47.0
56	1.0	0.0	0.0	0.0	0.0	0.0	0.0	54698.348259000006	119.1500972	179.8463468	143.7192189	11.058024	3358.6285	1	0	0	0	0	0	0	1401	302	324	2535	2560	0	12					313.0	2547.5	6.0
57	1.0	0.0	0.0	0.0	0.0	0.0	0.0	36777.904398	29.16748199	117.1920673	79.48742183	10.4072275	195.2691	1	0	0	0	0	0	0	942	319	354	2540	2565	0	5					336.5	2552.5	2.5
60	0.0	0.0	0.0	1.0	0.0	0.0	0.0	61686.930942	0.0	48.01113383	22.14849492	59.59963	15504.3666	0	0	0	1	0	0	0	1580	501	518	2695	2710	0	26	60.0	3.0	195.2691	83.6611	509.5	2702.5	13.0
62	0.0	0.0	0.0	1.0	0.0	0.0	0.0	12025.047294	3.6591	53.00985649	27.0026039	15.669091	1366.8837	0	0	0	1	0	0	0	308	514	524	2702	2720	0	9					519.0	2711.0	4.5
66	0.0	0.0	0.0	1.0	0.0	0.0	0.0	1692564.4494	0.0	93.83541161	49.44415063	18.133305	173047.477	0	0	0	1	0	0	0	43352	440	486	1290	1356	1	76	66.0	19.0	10232.1009	2880.0862	463.0	1323.0	38.5
76	1.0	0.0	0.0	0.0	0.0	0.0	0.0	28500.92379	111.8291157	149.2317247	131.5675677	18.50356	624.8611	1	0	0	0	0	0	0	730	459	469	1746	1764	2	19					464.0	1755.0	10.5
100	1.0	0.0	0.0	0.0	0.0	0.0	0.0	11088.030627	9.35779222	28.44729603	19.79897663	10.837733	1718.3681	1	0	0	0	0	0	0	284	353	361	2557	2566	3	15					357.0	2561.5	9.0
116	1.0	0.0	0.0	0.0	0.0	0.0	0.0	83082.14496	62.92329631	122.8999463	97.30907424	19.735073	4608.3508	1	0	0	0	0	0	0	2128	313	332	886	909	5	31					322.5	897.5	18.0
124	1.0	0.0	0.0	0.0	0.0	0.0	0.0	40096.505115	20.27936942	70.99420187	47.13483219	12.647962	39.0538	1	0	0	0	0	0	0	1027	401	415	2494	2509	5	19					408.0	2501.5	12.0
125	1.0	0.0	0.0	0.0	0.0	0.0	0.0	22293.188334000002	44.77214925	90.92754641	67.83219109	11.117066	0.0	1	0	0	0	0	0	0	571	330	343	2547	2559	5	21					336.5	2553.0	13.0
127	0.0	0.0	0.0	1.0	0.0	0.0	0.0	21512.341107	0.0	28.03828067	12.5129507	46.524616	14684.2364	0	0	0	1	0	0	0	551	486	496	2692	2704	5	20	127.0	3.0	781.0764	286.0202	491.0	2698.0	12.5
128	1.0	0.0	0.0	0.0	0.0	0.0	0.0	36660.777309	68.50194064	125.6425853	100.222633	16.72916	1991.7448	1	0	0	0	0	0	0	939	625	639	711	729	6	22					632.0	720.0	14.0
167	1.0	0.0	0.0	0.0	0.0	0.0	0.0	16007.368158	105.9020245	140.8100855	124.8136165	13.172088	0.0	1	0	0	0	0	0	0	410	227	238	793	801	9	34					232.5	797.0	21.5
230	1.0	0.0	0.0	0.0	0.0	0.0	0.0	10424.31048	59.886711	106.0439981	78.65907815	15.739348	0.0	1	0	0	0	0	0	0	267	646	657	680	689	13	24					651.5	684.5	18.5
283	1.0	0.0	0.0	0.0	0.0	0.0	0.0	13196.318139	6.884855613	36.6734397	22.43042177	15.263149	585.8073	1	0	0	0	0	0	0	338	623	633	694	703	16	30					628.0	698.5	23.0
10241	0.0	0.0	0.0	1.0	0.0	0.0	0.0	10658.564649	0.0	25.38233562	12.46120805	11.720852	2147.9601	0	0	0	1	0	0	0	273	587	593	1146	1152	183	196	10241.0	2.0	702.9688	244.2728	590.0	1149.0	189.5
10380	1.0	0.0	0.0	0.0	0.0	0.0	0.0	17256.723714	124.9230179	158.4119264	143.3538513	18.572088	0.0	1	0	0	0	0	0	0	442	884	893	330	339	187	204					888.5	334.5	195.5
10463	1.0	0.0	0.0	0.0	0.0	0.0	0.0	15460.7751	8.181996336	55.92980458	35.84654197	8.975201	11130.3387	1	0	0	0	0	0	0	396	431	446	2843	2853	188	202					438.5	2848.0	195.0
10569	0.0	1.0	0.0	0.0	0.0	0.0	0.0	9526.336173	97.95492965	122.8876121	109.6627284	14.193961	0.0	0	1	0	0	0	0	0	244	396	404	576	589	191	203					400.0	582.5	197.0
10641	0.0	1.0	0.0	0.0	0.0	0.0	0.0	15304.605651	22.71600064	60.83919324	43.65915581	14.638714	0.0	0	1	0	0	0	0	0	392	759	771	1852	1862	192	210					765.0	1857.0	201.0
10695	1.0	0.0	0.0	0.0	0.0	0.0	0.0	15460.7751	170.2590287	199.1385742	185.6366214	11.845238	0.0	1	0	0	0	0	0	0	396	1339	1348	1344	1352	193	217					1343.5	1348.0	205.0
10724	0.0	1.0	0.0	0.0	0.0	0.0	0.0	11673.666045	0.0	30.14639392	11.6097754	15.800749	10817.9082	0	1	0	0	0	0	0	299	577	590	770	779	194	212	10724.0	3.0	1718.3681	489.1631	583.5	774.5	203.0
10862	1.0	0.0	0.0	0.0	0.0	0.0	0.0	38456.725932	3.6591	38.873142	20.31048826	11.735374	3788.2206	1	0	0	0	0	0	0	985	568	581	1570	1589	196	213					574.5	1579.5	204.5
10899	0.0	0.0	0.0	1.0	0.0	0.0	0.0	39549.912048000006	101.4337308	168.4955402	137.8491559	11.988755	0.0	0	0	0	1	0	0	0	1013	1062	1089	544	564	197	209					1075.5	554.0	203.0
10963	0.0	1.0	0.0	0.0	0.0	0.0	0.0	11751.750764999999	73.43809454	107.9371969	93.48221297	19.254019	0.0	0	1	0	0	0	0	0	301	716	728	1114	1125	198	219					722.0	1119.5	208.5
11223	0.0	1.0	0.0	0.0	0.0	0.0	0.0	72931.131009	15.03214598	110.2081302	65.89873232	27.345358	0.0	0	1	0	0	0	0	0	1868	671	711	1095	1120	202	239					691.0	1107.5	220.5
11304	1.0	0.0	0.0	0.0	0.0	0.0	0.0	17881.401501	69.27934738	98.87435522	84.59461418	16.25323	273.3767	1	0	0	0	0	0	0	458	613	624	1674	1689	203	213					618.5	1681.5	208.0
11602	0.0	1.0	0.0	0.0	0.0	0.0	0.0	15460.7751	23.89505408	53.71993665	39.55971876	10.461959	0.0	0	1	0	0	0	0	0	396	1308	1318	1126	1135	207	218					1313.0	1130.5	212.5
11653	1.0	0.0	0.0	0.0	0.0	0.0	0.0	16241.622327	45.57911532	84.43259263	66.37213593	10.293083	0.0	1	0	0	0	0	0	0	416	777	787	792	802	208	225					782.0	797.0	216.5
11761	0.0	0.0	0.0	1.0	0.0	0.0	0.0	156559.869	0.0	52.0872695	22.48633693	12.283987	24096.207	0	0	0	1	0	0	0	4010	581	602	1561	1585	209	232	11761.0	4.0	3553.8976	911.607	591.5	1573.0	220.5
11828	1.0	0.0	0.0	0.0	0.0	0.0	0.0	49349.54475	0.0	33.56837565	16.61297495	11.677162	9529.1321	1	0	0	0	0	0	0	1264	594	608	1592	1612	210	225	11828.0	1.0	1132.5608	406.302	601.0	1602.0	217.5
11956	1.0	0.0	0.0	0.0	0.0	0.0	0.0	117088.04169	0.0	65.57029403	29.64812519	13.939381	12653.4377	1	0	0	0	0	0	0	2999	585	604	1320	1340	212	241	11956.0	1.0	742.0226	261.4579	594.5	1330.0	226.5
12055	1.0	0.0	0.0	0.0	0.0	0.0	0.0	10346.22576	113.3235282	135.4361383	123.9205168	34.368423	0.0	1	0	0	0	0	0	0	265	967	977	2773	2779	213	227					972.0	2776.0	220.0
1254	1.0	0.0	0.0	0.0	0.0	0.0	0.0	17764.274412	16.62177223	47.66891655	33.01983796	13.654482	0.0	1	0	0	0	0	0	0	455	497	508	1290	1299	55	68					502.5	1294.5	61.5
1409	0.0	0.0	0.0	1.0	0.0	0.0	0.0	4491081.8685	0.0	127.561917	50.35837308	25.863249	1115338.05	0	0	0	1	0	0	0	115031	489	571	2611	2691	58	174	1409.0	65.0	72327.6749	15781.0873	530.0	2651.0	116.0
1468	0.0	1.0	0.0	0.0	0.0	0.0	0.0	19482.138314999997	29.2728	51.2274	38.98337663	140.6074	0.0	0	1	0	0	0	0	0	499	1155	1170	737	743	60	92					1162.5	740.0	76.0
12532	1.0	0.0	0.0	0.0	0.0	0.0	0.0	182640.16638	0.0	47.73144609	16.91395843	11.864029	130830.298	1	0	0	0	0	0	0	4678	605	636	1575	1637	220	254	12532.0	10.0	2968.0903	1020.8353	620.5	1606.0	237.0
12673	0.0	1.0	0.0	0.0	0.0	0.0	0.0	9682.505613000001	62.5810637	114.8908997	85.82822492	18.287012	0.0	0	1	0	0	0	0	0	248	718	729	1126	1140	222	238					723.5	1133.0	230.0
12691	0.0	0.0	0.0	1.0	0.0	0.0	0.0	28735.177959	111.9056119	153.8615124	134.9789582	14.626994	0.0	0	0	0	1	0	0	0	736	1100	1108	1772	1781	222	244					1104.0	1776.5	233.0
13026	1.0	0.0	0.0	0.0	0.0	0.0	0.0	10033.886870999999	4.67889611	32.90687212	18.81301587	14.619715	78.1076	1	0	0	0	0	0	0	257	498	505	1117	1124	227	238					501.5	1120.5	232.5
13046	1.0	0.0	0.0	0.0	0.0	0.0	0.0	12766.852161	4.67889611	23.4296719	15.61106967	13.018291	4374.0279	1	0	0	0	0	0	0	327	599	612	1546	1559	227	243					605.5	1552.5	235.0
13152	0.0	0.0	0.0	1.0	0.0	0.0	0.0	26822.102247000003	69.08897418	96.7642085	82.39788192	66.1439	0.0	0	0	0	1	0	0	0	687	722	731	540	553	229	247					726.5	546.5	238.0
13182	1.0	0.0	0.0	0.0	0.0	0.0	0.0	38105.344683	35.87388433	86.08671138	60.68569039	15.322297	0.0	1	0	0	0	0	0	0	976	854	872	2265	2274	229	243					863.0	2269.5	236.0
13319	0.0	1.0	0.0	0.0	0.0	0.0	0.0	9760.590342	14.50577927	52.11652638	28.04904362	8.813263	0.0	0	1	0	0	0	0	0	250	590	600	1266	1273	231	245					595.0	1269.5	238.0
13399	1.0	0.0	0.0	0.0	0.0	0.0	0.0	658254.21246	0.0	114.9894766	53.01101251	18.923431	92127.9618	1	0	0	0	0	0	0	16860	753	796	1703	1750	232	299	13399.0	12.0	5897.1268	1655.9043	774.5	1726.5	265.5
13686	0.0	0.0	0.0	1.0	0.0	0.0	0.0	16241.622327	42.8472298	70.99420187	58.1389953	12.008453	39.0538	0	0	0	1	0	0	0	416	480	492	795	805	236	248					486.0	800.0	242.0
13704	0.0	1.0	0.0	0.0	0.0	0.0	0.0	9018.785475	125.4744247	150.0072551	136.5341759	20.335453	0.0	0	1	0	0	0	0	0	231	1174	1182	1267	1274	236	248					1178.0	1270.5	242.0
13716	1.0	0.0	0.0	0.0	0.0	0.0	0.0	14172.377175000001	2.916	26.05826319	11.8227282	9.562452	4452.1355	1	0	0	0	0	0	0	363	625	638	1618	1628	236	247					631.5	1623.0	241.5
13873	0.0	0.0	0.0	1.0	0.0	0.0	0.0	60359.490657	71.14752948	130.1975972	108.297966	48.055046	0.0	0	0	0	1	0	0	0	1546	277	294	364	379	239	262					285.5	371.5	250.5
13901	1.0	0.0	0.0	0.0	0.0	0.0	0.0	447035.03748	0.0	84.75673841	26.23303807	19.105362	59400.8605	1	0	0	0	0	0	0	11450	475	504	1093	1131	239	286	13901.0	7.0	17964.7573	3544.1365	489.5	1112.0	262.5
13954	0.0	1.0	0.0	0.0	0.0	0.0	0.0	15226.520931000001	4.67889611	36.43722048	19.7467851	46.979897	4374.0279	0	1	0	0	0	0	0	390	772	783	1115	1135	240	248					777.5	1125.0	244.0
14217	0.0	0.0	0.0	1.0	0.0	0.0	0.0	101588.22423	21.9546	98.10895848	58.9290315	12.8288145	1405.9375	0	0	0	1	0	0	0	2602	588	609	912	924	244	283					598.5	918.0	263.5
14390	1.0	0.0	0.0	0.0	0.0	0.0	0.0	130869.99522000001	0.0	63.04672077	19.3259192	9.970849	45185.2699	1	0	0	0	0	0	0	3352	622	657	1544	1585	247	277	14390.0	7.0	3592.9515	1047.1989	639.5	1564.5	262.0
14499	1.0	0.0	0.0	0.0	0.0	0.0	0.0	55908.661454999994	98.76852463	141.8682542	121.6747698	47.52136	898.2379	1	0	0	0	0	0	0	1432	1000	1018	1869	1892	249	269					1009.0	1880.5	259.0
14878	0.0	0.0	0.0	1.0	0.0	0.0	0.0	508487.71427999996	0.0	143.0482564	76.76776458	21.752893	51863.4732	0	0	0	1	0	0	0	13024	422	484	794	846	257	318	14878.0	4.0	742.0226	263.0553	453.0	820.0	287.5
14881	0.0	1.0	0.0	0.0	0.0	0.0	0.0	12610.682721000001	13.19307267	50.18689824	30.7979319	15.949404	156.2153	0	1	0	0	0	0	0	323	769	784	981	989	257	276					776.5	985.0	266.5
14904	0.0	0.0	0.0	1.0	0.0	0.0	0.0	13938.123006	119.2945436	150.7984592	135.2422201	11.871879	0.0	0	0	0	1	0	0	0	357	1258	1268	433	447	258	271					1263.0	440.0	264.5
14937	1.0	0.0	0.0	0.0	0.0	0.0	0.0	124193.75148	39.32599987	110.4245629	72.85016253	25.369509	1601.2066	1	0	0	0	0	0	0	3181	764	785	1755	1782	258	287					774.5	1768.5	272.5
14942	1.0	0.0	0.0	0.0	0.0	0.0	0.0	18701.291088	48.65974781	85.9786335	72.68460426	70.203766	0.0	1	0	0	0	0	0	0	479	466	475	362	368	259	284					470.5	365.0	271.5
15146	1.0	0.0	0.0	0.0	0.0	0.0	0.0	15265.563290999999	43.49991839	85.503299	67.07884456	21.64263	0.0	1	0	0	0	0	0	0	391	772	783	1327	1336	262	279					777.5	1331.5	270.5
15253	1.0	0.0	0.0	0.0	0.0	0.0	0.0	10033.886870999999	58.33496397	96.47550296	77.22187351	15.335498	0.0	1	0	0	0	0	0	0	257	158	171	402	409	265	273					164.5	405.5	269.0
15359	1.0	0.0	0.0	0.0	0.0	0.0	0.0	77381.960202	10.9773	75.30813156	48.85722796	11.067539	585.8073	1	0	0	0	0	0	0	1982	702	722	2063	2082	266	284					712.0	2072.5	275.0
15426	1.0	0.0	0.0	0.0	0.0	0.0	0.0	16983.427185	10.9773	64.16900444	41.5407261	12.103777	0.0	1	0	0	0	0	0	0	435	820	831	1488	1502	267	280					825.5	1495.0	273.5
15486	1.0	0.0	0.0	0.0	0.0	0.0	0.0	252135.56960999998	4.67889611	122.2842717	54.95567482	11.467519	5311.3195	1	0	0	0	0	0	0	6458	203	226	397	438	269	309					214.5	417.5	289.0
15530	0.0	1.0	0.0	0.0	0.0	0.0	0.0	14875.139673	75.6879132	113.7053227	92.58936686	7.9397864	39.0538	0	1	0	0	0	0	0	381	1344	1354	835	850	269	280					1349.0	842.5	274.5
15606	0.0	0.0	0.0	0.0	0.0	1.0	0.0	191815.12134	55.44895842	164.8033743	105.0490439	14.479655	78.1076	0	0	0	0	0	1	0	4913	615	646	1389	1426	270	305					630.5	1407.5	287.5
15661	1.0	0.0	0.0	0.0	0.0	0.0	0.0	85893.19497899999	33.73523512	99.53828148	70.68831093	11.1871395	21518.6549	1	0	0	0	0	0	0	2200	816	838	1301	1324	271	293					827.0	1312.5	282.0
15700	0.0	0.0	0.0	1.0	0.0	0.0	0.0	22449.357783	82.10887457	111.8459535	98.35139751	16.199394	0.0	0	0	0	1	0	0	0	575	904	914	529	541	272	286					909.0	535.0	279.0
15706	0.0	0.0	0.0	1.0	0.0	0.0	0.0	13860.038277	69.69264778	117.2423226	94.84833356	14.539879	0.0	0	0	0	1	0	0	0	355	451	469	801	817	272	285					460.0	809.0	278.5
15945	0.0	0.0	0.0	1.0	0.0	0.0	0.0	142270.36479	0.0	47.35781807	21.81785704	43.59658	228933.494	0	0	0	1	0	0	0	3644	864	882	1371	1399	276	319	15945.0	5.0	1054.4531	393.9466	873.0	1385.0	297.5
15970	0.0	0.0	0.0	0.0	1.0	0.0	0.0	778270.4312400001	46.55504559	192.7850157	126.5920156	16.202461	3358.6285	0	0	0	0	1	0	0	19934	836	862	468	529	277	352					849.0	498.5	314.5
16043	0.0	1.0	0.0	0.0	0.0	0.0	0.0	13118.233419	0.0	29.50060733	13.6171597	21.764019	10271.1547	0	1	0	0	0	0	0	336	1015	1024	1727	1740	278	291	16043.0	3.0	390.5382	154.5418	1019.5	1733.5	284.5
16049	0.0	0.0	0.0	1.0	0.0	0.0	0.0	95653.78533	79.20136229	140.5168578	114.432584	38.755512	0.0	0	0	0	1	0	0	0	2450	992	1007	1858	1878	278	312					999.5	1868.0	295.0
16215	0.0	1.0	0.0	0.0	0.0	0.0	0.0	10853.776458	18.6578223	43.39466402	30.57884431	18.595695	0.0	0	1	0	0	0	0	0	278	724	735	2206	2213	281	292					729.5	2209.5	286.5
16245	1.0	0.0	0.0	0.0	0.0	0.0	0.0	533552.9103	10.16393278	121.9622272	87.9093153	26.035215	24721.0682	1	0	0	0	0	0	0	13666	955	991	627	675	282	342					973.0	651.0	312.0
16253	0.0	0.0	0.0	1.0	0.0	0.0	0.0	10033.886870999999	81.06890903	116.0370326	100.6764238	15.175102	0.0	0	0	0	1	0	0	0	257	453	464	844	858	282	291					458.5	851.0	286.5
16272	1.0	0.0	0.0	0.0	0.0	0.0	0.0	9643.463253	91.4373222	111.9056119	100.8456698	23.210325	0.0	1	0	0	0	0	0	0	247	994	1001	1853	1858	282	296					997.5	1855.5	289.0
16653	0.0	1.0	0.0	0.0	0.0	0.0	0.0	16202.579958	58.94903321	100.8437136	86.45960229	15.64561	0.0	0	1	0	0	0	0	0	415	665	674	482	496	290	309					669.5	489.0	299.5
16722	0.0	1.0	0.0	0.0	0.0	0.0	0.0	13118.233419	2.916	27.59575919	14.69785482	34.30154	6092.3959	0	1	0	0	0	0	0	336	884	894	1387	1397	291	309					889.0	1392.0	300.0
16758	0.0	1.0	0.0	0.0	0.0	0.0	0.0	13742.911197	5.174748846	33.36835074	20.59445433	87.800316	546.7535	0	1	0	0	0	0	0	352	669	678	861	870	292	305					673.5	865.5	298.5
16764	0.0	0.0	0.0	1.0	0.0	0.0	0.0	28618.05087	3.6591	28.84922117	14.08597184	38.791367	9763.455	0	0	0	1	0	0	0	733	908	919	1402	1411	292	312					913.5	1406.5	302.0
16877	0.0	0.0	0.0	1.0	0.0	0.0	0.0	28969.432128	36.70700665	78.14717006	57.98783196	15.877571	0.0	0	0	0	1	0	0	0	742	562	572	917	929	295	309					567.0	923.0	302.0
16967	1.0	0.0	0.0	0.0	0.0	0.0	0.0	16632.045936000002	37.87853137	82.88237256	59.22849878	13.172728	0.0	1	0	0	0	0	0	0	426	999	1008	1850	1860	297	320					1003.5	1855.0	308.5
17296	0.0	0.0	0.0	1.0	0.0	0.0	0.0	19833.519564000002	32.9319	62.43230794	46.09154959	18.208597	0.0	0	0	0	1	0	0	0	508	548	557	920	932	303	313					552.5	926.0	308.0
17409	1.0	0.0	0.0	0.0	0.0	0.0	0.0	394405.9344	11.4054178	96.47550296	55.5951608	25.436985	18745.8337	1	0	0	0	0	0	0	10102	935	964	1811	1847	305	350					949.5	1829.0	327.5
17453	0.0	1.0	0.0	0.0	0.0	0.0	0.0	24674.772375	0.0	30.07154896	10.24626474	31.425272	21010.9552	0	1	0	0	0	0	0	632	644	654	887	899	306	321	17453.0	3.0	1874.5834	579.8963	649.0	893.0	313.5
17457	1.0	0.0	0.0	0.0	0.0	0.0	0.0	55362.068397	46.7889611	94.20973549	72.97475624	18.8877	507.6997	1	0	0	0	0	0	0	1418	588	602	995	1010	306	329					595.0	1002.5	317.5
17504	0.0	1.0	0.0	0.0	0.0	0.0	0.0	6478533.273600001	5.174748846	155.8417183	98.64297943	17.591736	135204.325	0	1	0	0	0	0	0	165936	1013	1091	971	1058	307	412					1052.0	1014.5	359.5
17814	1.0	0.0	0.0	0.0	0.0	0.0	0.0	279152.88372	0.0	42.11163247	18.12956	15.1126	99391.9723	1	0	0	0	0	0	0	7150	544	580	970	996	313	349	17814.0	8.0	3241.4671	978.9729	562.0	983.0	331.0
17823	1.0	0.0	0.0	0.0	0.0	0.0	0.0	94990.06521	79.60227598	131.6473095	104.7203747	37.18485	0.0	1	0	0	0	0	0	0	2433	993	1010	1471	1490	313	333					1001.5	1480.5	323.0
17971	1.0	0.0	0.0	0.0	0.0	0.0	0.0	58836.838563	8.68608773	78.56044313	53.10244226	16.95524	1874.5834	1	0	0	0	0	0	0	1507	793	810	1656	1673	316	342					801.5	1664.5	329.0
17998	1.0	0.0	0.0	0.0	0.0	0.0	0.0	14758.012593	198.772077	224.3963245	210.5218431	9.509323	0.0	1	0	0	0	0	0	0	378	1022	1032	501	512	317	326					1027.0	506.5	321.5
18016	1.0	0.0	0.0	0.0	0.0	0.0	0.0	14055.250086	2.916	47.55314851	20.27097931	18.724054	2147.9601	1	0	0	0	0	0	0	360	885	893	1813	1823	317	335					889.0	1818.0	326.0
18017	0.0	1.0	0.0	0.0	0.0	0.0	0.0	15734.071628999998	11.4054178	46.93182176	33.15604989	14.990806	39.0538	0	1	0	0	0	0	0	403	994	1005	1833	1842	317	335					999.5	1837.5	326.0
18047	1.0	0.0	0.0	0.0	0.0	0.0	0.0	25885.085580000003	80.58331845	119.773422	97.71492198	12.418818	0.0	1	0	0	0	0	0	0	663	810	819	508	521	318	339					814.5	514.5	328.5
18107	0.0	1.0	0.0	0.0	0.0	0.0	0.0	27134.441144999997	0.0	29.20770869	12.01282555	23.013256	24760.122	0	1	0	0	0	0	0	695	646	653	901	922	319	342	18107.0	1.0	3436.7362	915.9036	649.5	911.5	330.5
18112	0.0	0.0	0.0	1.0	0.0	0.0	0.0	51106.451013	39.04740267	92.30141466	74.46716146	9.823242	117.1615	0	0	0	1	0	0	0	1309	701	722	1530	1545	319	343					711.5	1537.5	331.0
18156	0.0	0.0	0.0	1.0	0.0	0.0	0.0	14758.012593	29.47266577	61.5589455	44.5708087	9.850582	0.0	0	0	0	1	0	0	0	378	698	708	1520	1530	320	329					703.0	1525.0	324.5
18208	0.0	1.0	0.0	0.0	0.0	0.0	0.0	9292.082004	52.82823627	77.14326332	64.85304031	22.987495	39.0538	0	1	0	0	0	0	0	238	764	772	1553	1562	321	329					768.0	1557.5	325.0
1957	1.0	0.0	0.0	0.0	0.0	0.0	0.0	24635.730015	87.11155933	120.5615985	104.9947544	17.818325	0.0	1	0	0	0	0	0	0	631	549	564	2293	2308	70	86					556.5	2300.5	78.0
18242	0.0	1.0	0.0	0.0	0.0	0.0	0.0	11634.623685	187.2640432	215.7954464	201.1629902	16.990734	0.0	0	1	0	0	0	0	0	298	1011	1019	476	484	322	329					1015.0	480.0	325.5
18314	1.0	0.0	0.0	0.0	0.0	0.0	0.0	134344.76544	0.0	57.57013429	28.11689533	10.922724	24955.3911	1	0	0	0	0	0	0	3441	689	721	1427	1458	323	348	18314.0	3.0	312.4306	121.1617	705.0	1442.5	335.5
18401	0.0	1.0	0.0	0.0	0.0	0.0	0.0	11556.538965	65.21466194	97.74028814	83.59532295	15.713932	0.0	0	1	0	0	0	0	0	296	1196	1205	955	967	325	332					1200.5	961.0	328.5
18440	0.0	0.0	0.0	1.0	0.0	0.0	0.0	10385.26812	70.24211349	95.3106084	83.8388691	27.57161	0.0	0	0	0	1	0	0	0	266	337	344	545	553	326	335					340.5	549.0	330.5
18607	0.0	0.0	0.0	1.0	0.0	0.0	0.0	49076.248221	45.62167121	95.55477516	72.43818841	47.643906	0.0	0	0	0	1	0	0	0	1257	365	377	337	349	330	351					371.0	343.0	340.5
18699	1.0	0.0	0.0	0.0	0.0	0.0	0.0	10033.886870999999	37.67274025	64.7218953	53.13202619	17.20638	0.0	1	0	0	0	0	0	0	257	395	406	717	726	331	340					400.5	721.5	335.5
18732	1.0	0.0	0.0	0.0	0.0	0.0	0.0	276107.57946	130.0565849	211.7415377	175.2868322	13.225611	0.0	1	0	0	0	0	0	0	7072	804	846	482	508	332	369					825.0	495.0	350.5
18883	0.0	0.0	0.0	1.0	0.0	0.0	0.0	57548.440638	40.82934461	98.38633622	75.06696976	8.770442	0.0	0	0	0	1	0	0	0	1474	373	387	324	338	336	358					380.0	331.0	347.0
18893	0.0	0.0	0.0	1.0	0.0	0.0	0.0	130401.48689999999	2.916	92.93458652	54.40287682	19.518661	28860.7731	0	0	0	1	0	0	0	3340	295	338	391	424	336	360					316.5	407.5	348.0
18932	1.0	0.0	0.0	0.0	0.0	0.0	0.0	18193.74039	11.57109019	30.73215084	20.56160502	55.756226	0.0	1	0	0	0	0	0	0	466	680	686	885	891	336	367					683.0	888.0	351.5
18970	1.0	0.0	0.0	0.0	0.0	0.0	0.0	10736.649369	132.819253	169.2022631	153.4442653	11.041342	0.0	1	0	0	0	0	0	0	275	844	853	507	513	337	350					848.5	510.0	343.5
18971	1.0	0.0	0.0	0.0	0.0	0.0	0.0	40174.589835	99.99877644	172.6869452	150.3856069	11.186347	0.0	1	0	0	0	0	0	0	1029	878	906	507	522	337	352					892.0	514.5	344.5
19026	1.0	0.0	0.0	0.0	0.0	0.0	0.0	32717.498814	92.82650119	159.2486343	129.5430713	11.76181	0.0	1	0	0	0	0	0	0	838	846	859	524	537	338	374					852.5	530.5	356.0
19153	1.0	0.0	0.0	0.0	0.0	0.0	0.0	12259.301463	74.43767254	106.363171	90.89377956	12.566537	0.0	1	0	0	0	0	0	0	314	801	815	514	522	341	357					808.0	518.0	349.0
19155	0.0	1.0	0.0	0.0	0.0	0.0	0.0	64732.235121	0.0	28.54964057	13.55832522	23.422907	43193.5251	0	1	0	0	0	0	0	1658	624	643	556	574	341	365	19155.0	1.0	2382.283	587.6715	633.5	565.0	353.0
19167	1.0	0.0	0.0	0.0	0.0	0.0	0.0	178267.42197	21.91271737	82.33079475	55.60533369	34.927216	7459.2797	1	0	0	0	0	0	0	4566	814	842	1504	1538	341	373					828.0	1521.0	357.0
19220	0.0	0.0	0.0	1.0	0.0	0.0	0.0	35997.057171	76.91462443	104.6727846	92.94439859	21.517918	0.0	0	0	0	1	0	0	0	922	617	634	961	970	342	358					625.5	965.5	350.0
19267	1.0	0.0	0.0	0.0	0.0	0.0	0.0	175144.03299	15.82986641	98.15038463	68.19279873	27.668749	2499.4445	1	0	0	0	0	0	0	4486	1180	1204	1373	1402	343	372					1192.0	1387.5	357.5
19414	1.0	0.0	0.0	0.0	0.0	0.0	0.0	37168.328007000004	120.1974748	172.418098	150.3084771	14.5597	1249.7222	1	0	0	0	0	0	0	952	871	887	525	538	346	367					879.0	531.5	356.5
19463	1.0	0.0	0.0	0.0	0.0	0.0	0.0	17061.511914	181.7111944	210.3276289	195.7958059	11.08174	0.0	1	0	0	0	0	0	0	437	869	877	491	501	347	360					873.0	496.0	353.5
19479	1.0	0.0	0.0	0.0	0.0	0.0	0.0	63443.837196	2.916	37.51581922	20.82937538	16.111698	14528.0211	1	0	0	0	0	0	0	1625	730	749	1521	1544	347	362					739.5	1532.5	354.5
19480	0.0	0.0	0.0	1.0	0.0	0.0	0.0	22995.950841	0.0	30.77033209	12.28024115	27.687658	10974.1235	0	0	0	1	0	0	0	589	630	649	2785	2803	347	356	19480.0	2.0	234.3229	99.2109	639.5	2794.0	351.5
19493	0.0	0.0	0.0	1.0	0.0	0.0	0.0	13469.614668	5.174748846	35.19356435	19.04816244	9.080132	1132.5608	0	0	0	1	0	0	0	345	282	290	395	406	348	359					286.0	400.5	353.5
19670	0.0	0.0	0.0	1.0	0.0	0.0	0.0	126262.99665	33.13455976	119.3326564	92.2297643	14.361614	0.0	0	0	0	1	0	0	0	3234	893	909	1370	1400	351	382					901.0	1385.0	366.5
19846	1.0	0.0	0.0	0.0	0.0	0.0	0.0	13196.318139	50.24269348	80.24792866	67.06525696	9.800708	0.0	1	0	0	0	0	0	0	338	918	929	483	491	355	366					923.5	487.0	360.5
19851	1.0	0.0	0.0	0.0	0.0	0.0	0.0	11361.327156	86.17433581	116.4516456	101.525323	9.920161	0.0	1	0	0	0	0	0	0	291	810	820	517	527	355	373					815.0	522.0	364.0
19900	1.0	0.0	0.0	0.0	0.0	0.0	0.0	61296.507324000006	168.8536931	235.4766465	200.8118347	10.662052	0.0	1	0	0	0	0	0	0	1570	826	847	492	508	356	378					836.5	500.0	367.0
19917	0.0	0.0	0.0	1.0	0.0	0.0	0.0	13001.10633	116.1666203	140.312082	127.7376282	15.20403	0.0	0	0	0	1	0	0	0	333	973	983	1241	1253	356	366					978.0	1247.0	361.0
19977	0.0	0.0	0.0	1.0	0.0	0.0	0.0	83238.31440900001	0.0	51.81312918	26.02860305	14.813843	28274.9658	0	0	0	1	0	0	0	2132	610	636	2757	2781	357	387	19977.0	1.0	702.9688	236.051	623.0	2769.0	372.0
20022	1.0	0.0	0.0	0.0	0.0	0.0	0.0	536129.70615	41.82351894	107.2770052	78.39557305	15.158701	3007.1442	1	0	0	0	0	0	0	13732	1229	1264	1322	1351	358	413					1246.5	1336.5	385.5
20024	1.0	0.0	0.0	0.0	0.0	0.0	0.0	19247.884145999997	58.12420599	102.5172345	82.54031982	16.068766	0.0	1	0	0	0	0	0	0	493	1136	1145	1373	1383	358	376					1140.5	1378.0	367.0
20108	1.0	0.0	0.0	0.0	0.0	0.0	0.0	35918.972442	40.10326525	78.72529263	57.87008852	21.007677	0.0	1	0	0	0	0	0	0	920	845	857	1353	1367	360	376					851.0	1360.0	368.0
20385	0.0	0.0	0.0	1.0	0.0	0.0	0.0	14055.250086	57.32552678	94.39308717	77.77785124	16.4448	0.0	0	0	0	1	0	0	0	360	853	863	434	444	367	378					858.0	439.0	372.5
20394	1.0	0.0	0.0	0.0	0.0	0.0	0.0	288991.55871	19.70485655	110.1336348	72.54616171	15.022263	976.3455	1	0	0	0	0	0	0	7402	1180	1214	1279	1303	367	413					1197.0	1291.0	390.0
20456	1.0	0.0	0.0	0.0	0.0	0.0	0.0	21121.917489	175.000184	202.1213623	188.5012285	8.583703	0.0	1	0	0	0	0	0	0	541	846	864	513	521	369	387					855.0	517.0	378.0
20463	0.0	0.0	1.0	0.0	0.0	0.0	0.0	5496969.267	0.0	126.1726445	62.88982962	15.957146	1520521.43	0	0	1	0	0	0	0	140795	642	754	853	945	369	484	20463.0	9.0	3749.1667	1035.9225	698.0	899.0	426.5
20497	1.0	0.0	0.0	0.0	0.0	0.0	0.0	17647.147332	42.7516495	87.35393074	67.9359629	33.596474	0.0	1	0	0	0	0	0	0	452	394	406	634	643	370	389					400.0	638.5	379.5
20524	0.0	0.0	0.0	1.0	0.0	0.0	0.0	23308.289729999997	20.90338408	49.28812434	36.87808186	13.469368	78.1076	0	0	0	1	0	0	0	597	332	343	375	384	371	386					337.5	379.5	378.5
20575	1.0	0.0	0.0	0.0	0.0	0.0	0.0	15421.732731	79.91595029	105.8280497	94.12840102	12.149275	0.0	1	0	0	0	0	0	0	395	789	797	495	504	372	393					793.0	499.5	382.5
20624	1.0	0.0	0.0	0.0	0.0	0.0	0.0	47007.003069	104.1442485	152.8731132	124.161048	98.149734	39.0538	1	0	0	0	0	0	0	1204	953	964	2608	2621	373	407					958.5	2614.5	390.0
20661	0.0	0.0	0.0	1.0	0.0	0.0	0.0	9213.997284	48.97746483	83.5205105	69.42935576	17.899323	0.0	0	0	0	1	0	0	0	236	633	643	2748	2758	374	388					638.0	2753.0	381.0
20690	1.0	0.0	0.0	0.0	0.0	0.0	0.0	12805.894521	64.38819791	89.36381557	78.09833181	12.672262	1171.6146	1	0	0	0	0	0	0	328	438	444	865	873	375	389					441.0	869.0	382.0
20695	0.0	0.0	0.0	1.0	0.0	0.0	0.0	1152491.4648	0.0	100.0100281	30.2562884	16.407394	198002.868	0	0	0	1	0	0	0	29519	606	674	2734	2782	375	467	20695.0	6.0	38038.4208	8063.8695	640.0	2758.0	421.0
20927	0.0	1.0	0.0	0.0	0.0	0.0	0.0	13938.123006	30.77033209	68.12563019	52.30011146	8.246146	0.0	0	1	0	0	0	0	0	357	607	627	2913	2922	382	394					617.0	2917.5	388.0
20977	1.0	0.0	0.0	0.0	0.0	0.0	0.0	119235.37158	81.4196026	186.3219604	143.3126847	13.948104	0.0	1	0	0	0	0	0	0	3054	808	838	500	525	384	404					823.0	512.5	394.0
20985	1.0	0.0	0.0	0.0	0.0	0.0	0.0	19091.714706	10.34949769	46.9499857	30.44920123	37.396942	0.0	1	0	0	0	0	0	0	489	664	674	876	888	384	398					669.0	882.0	391.0
20992	0.0	0.0	0.0	1.0	0.0	0.0	0.0	16358.749407	25.31472568	57.4891464	41.1982718	13.242182	0.0	0	0	0	1	0	0	0	419	975	986	1577	1589	384	394					980.5	1583.0	389.0
21033	1.0	0.0	0.0	0.0	0.0	0.0	0.0	61413.63441299999	41.82351894	78.57008982	59.53988047	28.151337	234.3229	1	0	0	0	0	0	0	1573	1177	1192	1308	1325	385	406					1184.5	1316.5	395.5
21108	1.0	0.0	0.0	0.0	0.0	0.0	0.0	3225679.8948	38.52396931	140.5883999	95.04475917	22.104376	208313.077	1	0	0	0	0	0	0	82620	1074	1139	1567	1631	387	459					1106.5	1599.0	423.0
21147	0.0	0.0	0.0	1.0	0.0	0.0	0.0	30413.999493000003	64.51469372	106.217625	87.05536311	31.08441	0.0	0	0	0	1	0	0	0	779	220	234	430	444	389	402					227.0	437.0	395.5
21195	1.0	0.0	0.0	0.0	0.0	0.0	0.0	19638.307764	59.05879379	87.61447616	70.3326328	10.069951	0.0	1	0	0	0	0	0	0	503	735	754	1392	1402	390	409					744.5	1397.0	399.5
2114	0.0	0.0	0.0	1.0	0.0	0.0	0.0	9409.209084	175.0357415	233.8748506	201.7654049	12.166328	0.0	0	0	0	1	0	0	0	241	222	239	272	282	74	87					230.5	277.0	80.5
2235	0.0	1.0	0.0	0.0	0.0	0.0	0.0	11634.623685	80.38743214	110.2797158	95.79051016	77.45855	39.0538	0	1	0	0	0	0	0	298	926	935	1752	1762	75	88					930.5	1757.0	81.5
2273	1.0	0.0	0.0	0.0	0.0	0.0	0.0	35294.294664	91.94767515	131.0301255	111.6294759	15.615871	0.0	1	0	0	0	0	0	0	904	358	369	470	480	76	101					363.5	475.0	88.5
2345	1.0	0.0	0.0	0.0	0.0	0.0	0.0	12337.386192	29.64660021	64.6993591	49.25026994	23.807299	0.0	1	0	0	0	0	0	0	316	99	109	894	901	77	93					104.0	897.5	85.0
21294	1.0	0.0	0.0	0.0	0.0	0.0	0.0	9955.802141999999	113.5285575	143.5001801	128.7415511	15.791903	0.0	1	0	0	0	0	0	0	255	794	803	477	486	393	404					798.5	481.5	398.5
21391	0.0	0.0	0.0	1.0	0.0	0.0	0.0	13313.445219	61.3963064	89.12835664	75.98866564	13.69991	0.0	0	0	0	1	0	0	0	341	447	455	357	365	396	408					451.0	361.0	402.0
21441	1.0	0.0	0.0	0.0	0.0	0.0	0.0	10111.971591	5.832	29.37353745	16.43296142	41.15495	624.8611	1	0	0	0	0	0	0	259	1134	1142	1482	1489	397	406					1138.0	1485.5	401.5
21451	1.0	0.0	0.0	0.0	0.0	0.0	0.0	105258.20625	23.86572304	105.1034662	69.48921861	17.143923	1132.5608	1	0	0	0	0	0	0	2696	199	226	444	464	398	425					212.5	454.0	411.5
21548	1.0	0.0	0.0	0.0	0.0	0.0	0.0	18818.418177	33.24354447	69.73069925	52.86564316	29.86444	0.0	1	0	0	0	0	0	0	482	695	708	862	874	401	411					701.5	868.0	406.0
21657	0.0	1.0	0.0	0.0	0.0	0.0	0.0	32990.795343	4.67889611	57.47990666	32.12497799	28.188686	429.592	0	1	0	0	0	0	0	845	159	176	222	235	405	423					167.5	228.5	414.0
21730	0.0	0.0	0.0	1.0	0.0	0.0	0.0	51457.832261999996	7.3182	55.79470194	32.4729801	15.539297	273.3767	0	0	0	1	0	0	0	1318	1064	1077	1616	1627	406	427					1070.5	1621.5	416.5
21736	0.0	0.0	0.0	1.0	0.0	0.0	0.0	25260.407793	7.3182	45.24026615	24.30286869	15.583111	1132.5608	0	0	0	1	0	0	0	647	671	681	2762	2775	406	424					676.0	2768.5	415.0
21743	1.0	0.0	0.0	0.0	0.0	0.0	0.0	10151.013951	100.1712458	126.577622	113.8342592	10.742309	0.0	1	0	0	0	0	0	0	260	775	783	452	460	407	419					779.0	456.0	413.0
21820	1.0	0.0	0.0	0.0	0.0	0.0	0.0	17920.443861	50.91740889	98.04960145	68.68983036	7.8924336	11286.554	1	0	0	0	0	0	0	459	276	282	697	711	409	446					279.0	704.0	427.5
21869	1.0	0.0	0.0	0.0	0.0	0.0	0.0	15343.648011	85.92088355	136.9385935	113.4871925	17.043417	0.0	1	0	0	0	0	0	0	393	1337	1346	1180	1192	411	425					1341.5	1186.0	418.0
21881	1.0	0.0	0.0	0.0	0.0	0.0	0.0	22019.891805	52.31889234	89.14526592	71.00913338	9.560796	0.0	1	0	0	0	0	0	0	564	743	753	455	465	412	426					748.0	460.0	419.0
21900	1.0	0.0	0.0	0.0	0.0	0.0	0.0	9174.954915	125.2114044	179.7285676	152.4697773	12.556533	0.0	1	0	0	0	0	0	0	235	805	815	434	440	413	431					810.0	437.0	422.0
21941	1.0	0.0	0.0	0.0	0.0	0.0	0.0	12220.259103	90.05884336	110.1336348	99.87627544	7.784711	1171.6146	1	0	0	0	0	0	0	313	275	288	685	706	414	426					281.5	695.5	420.0
21953	1.0	0.0	0.0	0.0	0.0	0.0	0.0	22176.061245	59.055099	97.70353641	76.48304801	13.233441	0.0	1	0	0	0	0	0	0	568	1123	1134	2876	2885	414	433					1128.5	2880.5	423.5
22043	1.0	0.0	0.0	0.0	0.0	0.0	0.0	129152.13138	78.61830551	141.1751095	110.8959124	22.744268	429.592	1	0	0	0	0	0	0	3308	809	827	1607	1640	418	439					818.0	1623.5	428.5
22099	0.0	1.0	0.0	0.0	0.0	0.0	0.0	11439.411876	39.4862683	71.70630422	55.16040467	10.116043	0.0	0	1	0	0	0	0	0	293	621	631	2714	2725	420	431					626.0	2719.5	425.5
22155	1.0	0.0	0.0	0.0	0.0	0.0	0.0	571267.83132	78.86504792	171.9472465	130.219941	14.298098	17027.4656	1	0	0	0	0	0	0	14632	744	798	1222	1285	423	479					771.0	1253.5	451.0
22186	1.0	0.0	0.0	0.0	0.0	0.0	0.0	1523628.1520999998	0.0	160.326348	77.75588553	17.50911	89745.6787	1	0	0	0	0	0	0	39025	993	1043	1889	1956	424	492	22186.0	13.0	6053.3421	1827.7391	1018.0	1922.5	458.0
22197	1.0	0.0	0.0	0.0	0.0	0.0	0.0	83589.69565800001	40.53445451	132.0595656	80.11391036	12.223262	47020.7995	1	0	0	0	0	0	0	2141	200	275	595	686	425	450					237.5	640.5	437.5
22232	1.0	0.0	0.0	0.0	0.0	0.0	0.0	22878.823752	98.28871795	168.6761756	135.3271954	15.55008	156.2153	1	0	0	0	0	0	0	586	739	760	1184	1193	426	438					749.5	1188.5	432.0
22238	0.0	0.0	0.0	0.0	0.0	1.0	0.0	404986.41432	8.181996336	88.82368956	51.31834101	14.2276535	10622.6391	0	0	0	0	0	1	0	10373	156	186	219	248	427	480					171.0	233.5	453.5
22256	0.0	1.0	0.0	0.0	0.0	0.0	0.0	14640.885504	75.9398311	105.88199	88.93905423	27.732363	0.0	0	1	0	0	0	0	0	375	789	799	1239	1251	427	444					794.0	1245.0	435.5
22269	0.0	0.0	0.0	1.0	0.0	0.0	0.0	195797.44215	37.62218475	106.7503642	79.77058917	24.751179	3944.4358	0	0	0	1	0	0	0	5015	213	241	422	445	428	472					227.0	433.5	450.0
22303	1.0	0.0	0.0	0.0	0.0	0.0	0.0	461363.58414	0.0	97.55225068	49.54314399	15.16039	17339.8962	1	0	0	0	0	0	0	11817	437	486	790	831	429	474	22303.0	2.0	820.1302	278.9591	461.5	810.5	451.5
22435	1.0	0.0	0.0	0.0	0.0	0.0	0.0	132822.11331000002	125.745109	192.3914385	160.3967199	17.781067	2108.9063	1	0	0	0	0	0	0	3402	1319	1355	814	841	434	450					1337.0	827.5	442.0
22437	1.0	0.0	0.0	0.0	0.0	0.0	0.0	16085.452878	95.81782827	128.369499	114.2584141	15.378636	117.1615	1	0	0	0	0	0	0	412	655	665	974	985	434	450					660.0	979.5	442.0
22455	1.0	0.0	0.0	0.0	0.0	0.0	0.0	9799.632701999999	7.796810221	29.08034688	17.72551264	31.636892	2733.7674	1	0	0	0	0	0	0	251	711	719	936	943	435	458					715.0	939.5	446.5
22513	1.0	0.0	0.0	0.0	0.0	0.0	0.0	37519.709265000005	72.39483332	131.8956657	106.3322451	21.16538	1562.1528	1	0	0	0	0	0	0	961	653	664	953	972	438	470					658.5	962.5	454.0
22569	1.0	0.0	0.0	0.0	0.0	0.0	0.0	91866.67623	67.28777822	137.8802269	112.4393585	13.621219	2460.3907	1	0	0	0	0	0	0	2353	651	666	963	993	441	496					658.5	978.0	468.5
22583	1.0	0.0	0.0	0.0	0.0	0.0	0.0	14211.419534999999	51.28503089	103.2957653	77.3848667	18.382008	0.0	1	0	0	0	0	0	0	364	612	622	382	392	443	460					617.0	387.0	451.5
22591	0.0	1.0	0.0	0.0	0.0	0.0	0.0	9838.675062	92.38348902	122.1199249	106.3939898	17.12295	0.0	0	1	0	0	0	0	0	252	1132	1143	1477	1491	443	449					1137.5	1484.0	446.0
22612	1.0	0.0	0.0	0.0	0.0	0.0	0.0	9877.717422	64.67166434	85.8057374	74.90178017	13.44308	585.8073	1	0	0	0	0	0	0	253	448	463	821	830	445	455					455.5	825.5	450.0
22616	0.0	0.0	0.0	1.0	0.0	0.0	0.0	91046.78667	23.14218037	99.44644041	62.97798159	14.059364	507.6997	0	0	0	1	0	0	0	2332	832	853	1515	1531	445	480					842.5	1523.0	462.5
22629	1.0	0.0	0.0	0.0	0.0	0.0	0.0	10853.776458	104.534357	133.3220929	116.9503583	7.318	0.0	1	0	0	0	0	0	0	278	314	327	727	748	446	455					320.5	737.5	450.5
22703	1.0	0.0	0.0	0.0	0.0	0.0	0.0	40486.928724000005	93.13774245	167.3119221	126.1504375	12.879064	312.4306	1	0	0	0	0	0	0	1037	1327	1344	818	843	451	461					1335.5	830.5	456.0
22799	1.0	0.0	0.0	0.0	0.0	0.0	0.0	125208.85284	96.38130762	172.2908283	131.5859361	14.70144	4647.4046	1	0	0	0	0	0	0	3207	798	823	1310	1347	458	484					810.5	1328.5	471.0
22855	1.0	0.0	0.0	0.0	0.0	0.0	0.0	20965.748048999998	58.3709743	85.18108274	71.5331812	21.797121	39.0538	1	0	0	0	0	0	0	537	427	439	365	373	463	482					433.0	369.0	472.5
22856	1.0	0.0	0.0	0.0	0.0	0.0	0.0	178423.59141	101.3313394	170.3697318	143.3431481	16.241924	937.2917	1	0	0	0	0	0	0	4570	619	646	376	398	463	487					632.5	387.0	475.0
22871	1.0	0.0	0.0	0.0	0.0	0.0	0.0	42360.962067	11.664	78.06509845	36.42654705	15.1106	2694.7136	1	0	0	0	0	0	0	1085	1362	1381	860	880	464	475					1371.5	870.0	469.5
22962	1.0	0.0	0.0	0.0	0.0	0.0	0.0	504466.35102	0.0	122.8477766	57.39225514	13.353241	26634.7054	1	0	0	0	0	0	0	12921	113	150	396	450	474	519	22962.0	4.0	4803.6199	1245.3672	131.5	423.0	496.5
22965	0.0	0.0	0.0	1.0	0.0	0.0	0.0	270407.39472	5.939788011	79.15600349	52.24932579	13.36055	1054.4531	0	0	0	1	0	0	0	6926	897	921	894	915	474	516					909.0	904.5	495.0
22968	0.0	1.0	0.0	0.0	0.0	0.0	0.0	19130.757066	64.20411311	93.96891632	77.7956466	13.882096	0.0	0	1	0	0	0	0	0	490	667	684	2930	2940	474	499					675.5	2935.0	486.5
23018	1.0	0.0	0.0	0.0	0.0	0.0	0.0	281456.38296	5.939788011	147.734316	74.81948271	15.002034	3397.6824	1	0	0	0	0	0	0	7209	744	786	1079	1115	484	529					765.0	1097.0	506.5
23032	0.0	1.0	0.0	0.0	0.0	0.0	0.0	18193.74039	86.04498229	113.4911024	102.7605726	12.253537	0.0	0	1	0	0	0	0	0	466	162	173	224	235	487	504					167.5	229.5	495.5
23049	0.0	0.0	0.0	1.0	0.0	0.0	0.0	92842.73531999999	131.7565357	183.2189139	160.5053824	10.9999485	1015.3993	0	0	0	1	0	0	0	2378	822	856	1276	1301	490	521					839.0	1288.5	505.5
23056	0.0	1.0	0.0	0.0	0.0	0.0	0.0	17920.443861	5.174748846	52.83665827	31.46564958	16.07951	0.0	0	1	0	0	0	0	0	459	701	709	863	875	492	511					705.0	869.0	501.5
23087	1.0	0.0	0.0	0.0	0.0	0.0	0.0	12415.470912	10.0477504	31.61363661	20.71772718	23.341219	2772.8212	1	0	0	0	0	0	0	318	416	423	323	334	497	513					419.5	328.5	505.0
23098	0.0	1.0	0.0	0.0	0.0	0.0	0.0	11517.496595999999	122.3963402	156.1187224	141.6005694	16.153551	156.2153	0	1	0	0	0	0	0	295	1168	1179	1637	1647	498	513					1173.5	1642.0	505.5
23139	1.0	0.0	0.0	0.0	0.0	0.0	0.0	9916.759782000001	7.3182	24.54598901	17.03273133	21.095287	3358.6285	1	0	0	0	0	0	0	254	405	413	326	333	504	530					409.0	329.5	517.0
23149	0.0	0.0	0.0	1.0	0.0	0.0	0.0	235659.69314999998	62.90116511	126.2420859	92.37625837	11.68419	6951.58	0	0	0	1	0	0	0	6036	826	874	1224	1270	505	552					850.0	1247.0	528.5
23164	1.0	0.0	0.0	0.0	0.0	0.0	0.0	155896.14888	0.0	83.03587472	31.77492164	15.309101	9255.7554	1	0	0	0	0	0	0	3993	883	905	1317	1337	506	545	23164.0	1.0	820.1302	242.5748	894.0	1327.0	525.5
23214	0.0	1.0	0.0	0.0	0.0	0.0	0.0	13391.529948	79.86913033	128.3009612	104.6825911	21.007126	0.0	0	1	0	0	0	0	0	343	1174	1186	1622	1637	512	526					1180.0	1629.5	519.0
23216	0.0	0.0	0.0	1.0	0.0	0.0	0.0	19325.968866	72.54520069	102.9398709	90.46188895	11.2239065	0.0	0	0	0	1	0	0	0	495	446	458	298	308	513	527					452.0	303.0	520.0
23235	1.0	0.0	0.0	0.0	0.0	0.0	0.0	482524.54397999996	11.57109019	98.4563115	69.06570407	26.10294	1210.6684	1	0	0	0	0	0	0	12359	1041	1069	1569	1610	514	553					1055.0	1589.5	533.5
23247	1.0	0.0	0.0	0.0	0.0	0.0	0.0	9096.870195	71.87169479	88.66051982	82.05835328	9.914496	0.0	1	0	0	0	0	0	0	233	442	451	292	301	516	526					446.5	296.5	521.0
23274	1.0	0.0	0.0	0.0	0.0	0.0	0.0	97215.47973	21.9546	110.9920224	65.93870962	16.424496	1523.099	1	0	0	0	0	0	0	2490	465	490	312	341	519	540					477.5	326.5	529.5
23285	0.0	0.0	0.0	1.0	0.0	0.0	0.0	48373.485713999995	39.09611526	95.59847801	70.98169074	9.550916	702.9688	0	0	0	1	0	0	0	1239	425	440	624	652	520	536					432.5	638.0	528.0
23312	1.0	0.0	0.0	0.0	0.0	0.0	0.0	37207.370366999996	2.916	61.10722823	32.07758498	14.93115	6717.2571	1	0	0	0	0	0	0	953	494	514	704	725	523	541					504.0	714.5	532.0
23323	1.0	0.0	0.0	0.0	0.0	0.0	0.0	2212647.7446	0.0	129.3447751	68.9023913	14.796097	230183.216	1	0	0	0	0	0	0	56673	744	803	818	899	524	589	23323.0	6.0	15621.5281	2991.7862	773.5	858.5	556.5
23405	1.0	0.0	0.0	0.0	0.0	0.0	0.0	23230.20501	0.0	21.50489791	9.140947457	12.436178	15933.9586	1	0	0	0	0	0	0	595	434	449	422	435	531	546	23405.0	1.0	1874.5834	526.5877	441.5	428.5	538.5
23410	0.0	0.0	0.0	1.0	0.0	0.0	0.0	10385.26812	16.01717863	57.60926464	33.89733079	12.853594	0.0	0	0	0	1	0	0	0	266	454	468	642	656	531	537					461.0	649.0	534.0
23412	1.0	0.0	0.0	0.0	0.0	0.0	0.0	20458.197351	28.07337666	73.83418572	47.69986896	12.294722	2382.283	1	0	0	0	0	0	0	524	520	534	716	734	531	543					527.0	725.0	537.0
23545	0.0	0.0	0.0	1.0	0.0	0.0	0.0	15890.241069	47.70882704	99.54912479	70.87417434	10.181134	0.0	0	0	0	1	0	0	0	407	465	484	619	633	540	553					474.5	626.0	546.5
23551	1.0	0.0	0.0	0.0	0.0	0.0	0.0	82106.085924	0.0	106.0545793	46.1480454	9.746265	2108.9063	1	0	0	0	0	0	0	2103	1073	1089	2873	2892	540	578	23551.0	1.0	39.0538	17.4092	1081.0	2882.5	559.0
23562	1.0	0.0	0.0	0.0	0.0	0.0	0.0	23191.162641000003	70.20503587	107.9778298	89.58581235	11.0271	0.0	1	0	0	0	0	0	0	594	413	428	595	608	541	552					420.5	601.5	546.5
23599	0.0	0.0	0.0	1.0	0.0	0.0	0.0	9877.717422	33.43779084	89.57420363	59.20259096	15.385485	0.0	0	0	0	1	0	0	0	253	477	493	644	652	542	552					485.0	648.0	547.0
23935	1.0	0.0	0.0	0.0	0.0	0.0	0.0	115643.47437	52.98055067	105.2307779	79.39475596	12.824327	0.0	1	0	0	0	0	0	0	2962	968	994	970	987	558	583					981.0	978.5	570.5
24094	1.0	0.0	0.0	0.0	0.0	0.0	0.0	15577.902180000001	0.0	22.89825905	11.15915944	18.532106	7771.7102	1	0	0	0	0	0	0	399	768	778	819	834	572	581	24094.0	1.0	546.7535	173.3765	773.0	826.5	576.5
24132	1.0	0.0	0.0	0.0	0.0	0.0	0.0	12259.301463	98.72061636	130.3294721	120.380349	15.791941	0.0	1	0	0	0	0	0	0	314	887	898	1046	1056	576	588					892.5	1051.0	582.0
24158	1.0	0.0	0.0	0.0	0.0	0.0	0.0	21317.129298	0.0	32.831674	18.32540796	17.181747	78.1076	1	0	0	0	0	0	0	546	1234	1245	1255	1265	579	590	24158.0	1.0	78.1076	33.1259	1239.5	1260.0	584.5
24181	1.0	0.0	0.0	0.0	0.0	0.0	0.0	11907.920214	41.82351894	70.61694318	56.75790335	21.448566	0.0	1	0	0	0	0	0	0	305	1019	1030	2904	2911	581	594					1024.5	2907.5	587.5
24207	0.0	0.0	0.0	1.0	0.0	0.0	0.0	14406.631344000001	90.64197653	122.1676828	104.9964035	19.789429	117.1615	0	0	0	1	0	0	0	369	1036	1046	1326	1337	585	594					1041.0	1331.5	589.5
2484	0.0	0.0	0.0	1.0	0.0	0.0	0.0	23972.009868	43.1910277	77.91196939	58.4958469	19.856825	0.0	0	0	0	1	0	0	0	614	1456	1473	572	587	79	91					1464.5	579.5	85.0
2504	1.0	0.0	0.0	0.0	0.0	0.0	0.0	51106.451013	57.37258004	101.0832039	80.8019904	26.43632	624.8611	1	0	0	0	0	0	0	1309	653	665	2005	2021	79	100					659.0	2013.0	89.5
24226	0.0	0.0	0.0	1.0	0.0	0.0	0.0	33459.303681	87.59468277	146.2083601	126.8653282	15.874423	156.2153	0	0	0	1	0	0	0	857	1027	1044	1308	1329	588	601					1035.5	1318.5	594.5
24287	1.0	0.0	0.0	0.0	0.0	0.0	0.0	133407.74870999999	65.71526705	109.7918509	93.5108128	14.731995	0.0	1	0	0	0	0	0	0	3417	865	880	901	928	597	627					872.5	914.5	612.0
24328	1.0	0.0	0.0	0.0	0.0	0.0	0.0	12103.132023	51.89202175	74.85881079	62.77918484	12.761883	0.0	1	0	0	0	0	0	0	310	706	718	716	729	604	613					712.0	722.5	608.5
24383	1.0	0.0	0.0	0.0	0.0	0.0	0.0	184318.98794999998	49.8373872	117.2231468	83.36672528	19.430658	2460.3907	1	0	0	0	0	0	0	4721	1295	1322	1279	1310	609	639					1308.5	1294.5	624.0
24520	1.0	0.0	0.0	0.0	0.0	0.0	0.0	45718.605144	47.799239	101.5830808	74.09458189	13.750561	702.9688	1	0	0	0	0	0	0	1171	1031	1048	1885	1899	620	638					1039.5	1892.0	629.0
24521	1.0	0.0	0.0	0.0	0.0	0.0	0.0	22644.569583	61.4080424	88.17102974	77.0680001	11.996502	702.9688	1	0	0	0	0	0	0	580	992	1003	974	983	621	641					997.5	978.5	631.0
24551	1.0	0.0	0.0	0.0	0.0	0.0	0.0	18271.82511	11.93286152	39.94310068	26.34383342	38.483013	78.1076	1	0	0	0	0	0	0	468	1241	1251	1187	1196	623	638					1246.0	1191.5	630.5
24563	0.0	0.0	0.0	0.0	1.0	0.0	0.0	16749.173025	37.39648687	76.53129096	57.61986833	10.381317	0.0	0	0	0	0	1	0	0	429	885	899	730	751	624	635					892.0	740.5	629.5
24575	0.0	0.0	0.0	1.0	0.0	0.0	0.0	15929.283429	1602.958407	1630.882654	1616.736691	14.825836	0.0	0	0	0	1	0	0	0	408	1499	1509	720	729	625	635					1504.0	724.5	630.0
24601	0.0	1.0	0.0	0.0	0.0	0.0	0.0	13196.318139	55.73375074	99.40575738	74.32877709	53.068283	4803.6199	0	1	0	0	0	0	0	338	1150	1161	1207	1222	628	640					1155.5	1214.5	634.0
24618	1.0	0.0	0.0	0.0	0.0	0.0	0.0	9565.378533	38.78094285	57.42139352	49.30823845	10.293742	0.0	1	0	0	0	0	0	0	245	869	880	723	734	631	639					874.5	728.5	635.0
24648	1.0	0.0	0.0	0.0	0.0	0.0	0.0	157223.58921	0.0	64.37053942	35.95337794	23.43711	60064.7754	1	0	0	0	0	0	0	4027	1001	1026	1048	1073	634	667	24648.0	1.0	1405.9375	420.5585	1013.5	1060.5	650.5
24668	0.0	0.0	0.0	1.0	0.0	0.0	0.0	14523.758424	21.91704032	56.26468613	38.9162289	9.60071	78.1076	0	0	0	1	0	0	0	372	1050	1058	1030	1037	637	651					1054.0	1033.5	644.0
24756	0.0	0.0	0.0	1.0	0.0	0.0	0.0	50520.815595	8.68608773	51.89202175	31.50680268	14.576176	0.0	0	0	0	1	0	0	0	1294	1076	1086	884	895	647	674					1081.0	889.5	660.5
24786	1.0	0.0	0.0	0.0	0.0	0.0	0.0	195328.93383	45.76817559	160.3388823	85.86837147	20.764044	41201.7803	1	0	0	0	0	0	0	5003	958	996	1156	1226	651	686					977.0	1191.0	668.5
24867	0.0	0.0	1.0	0.0	0.0	0.0	0.0	17734758.39	0.0	173.3615338	62.84371733	16.478931	1833889.29	0	0	1	0	0	0	0	454244	939	1058	834	958	662	839	24867.0	95.0	89394.1944	23260.979	998.5	896.0	750.5
24908	1.0	0.0	0.0	0.0	0.0	0.0	0.0	156520.82663999998	2.916	81.66181781	29.15654228	35.628498	188434.682	1	0	0	0	0	0	0	4009	989	1024	832	856	666	712					1006.5	844.0	689.0
24968	1.0	0.0	0.0	0.0	0.0	0.0	0.0	27095.398775999998	0.0	29.50060733	17.40903255	11.3552475	2616.606	1	0	0	0	0	0	0	694	1011	1021	1335	1347	669	683	24968.0	1.0	78.1076	31.6876	1016.0	1341.0	676.0
25195	1.0	0.0	0.0	0.0	0.0	0.0	0.0	30570.168942	21.29738553	54.96510669	37.18200914	24.013842	0.0	1	0	0	0	0	0	0	783	982	994	841	853	685	706					988.0	847.0	695.5
25212	1.0	0.0	0.0	0.0	0.0	0.0	0.0	12220.259103	4.67889611	23.95600702	13.57595893	43.154644	9099.5401	1	0	0	0	0	0	0	313	1023	1029	842	852	686	705					1026.0	847.0	695.5
25437	1.0	0.0	0.0	0.0	0.0	0.0	0.0	13430.572308	61.97745917	88.50704267	73.71660753	18.287655	702.9688	1	0	0	0	0	0	0	344	773	782	2920	2932	700	714					777.5	2926.0	707.0
25665	0.0	1.0	0.0	0.0	0.0	0.0	0.0	18232.78275	91.51681182	131.3149164	116.7052486	16.690252	0.0	0	1	0	0	0	0	0	467	1358	1365	1187	1209	711	735					1361.5	1198.0	723.0
25708	1.0	0.0	0.0	0.0	0.0	0.0	0.0	109474.78121999999	36.92688853	128.8998573	88.35788126	11.926941	546.7535	1	0	0	0	0	0	0	2804	778	811	2872	2918	713	733					794.5	2895.0	723.0
25916	0.0	1.0	0.0	0.0	0.0	0.0	0.0	10463.35284	50.81333744	90.42975358	71.26435648	13.038572	0.0	0	1	0	0	0	0	0	268	1155	1166	1195	1206	729	747					1160.5	1200.5	738.0
25925	1.0	0.0	0.0	0.0	0.0	0.0	0.0	28852.305039	25.84188142	82.13656099	50.06092088	17.142323	0.0	1	0	0	0	0	0	0	739	779	788	2917	2937	730	762					783.5	2927.0	746.0
25971	1.0	0.0	0.0	0.0	0.0	0.0	0.0	89875.515834	23.14218037	101.5277896	65.19251445	10.960817	0.0	1	0	0	0	0	0	0	2302	879	899	786	812	735	751					889.0	799.0	743.0
26154	0.0	1.0	0.0	0.0	0.0	0.0	0.0	20262.985542	42.53359938	75.10769925	59.097181	12.815659	0.0	0	1	0	0	0	0	0	519	1187	1196	1091	1104	750	762					1191.5	1097.5	756.0
26163	1.0	0.0	0.0	0.0	0.0	0.0	0.0	57665.567718000006	54.70780288	114.2154521	71.79774193	11.808334	13707.8909	1	0	0	0	0	0	0	1477	1090	1113	1430	1456	750	777					1101.5	1443.0	763.5
26357	0.0	1.0	0.0	0.0	0.0	0.0	0.0	10892.818818	68.99200925	98.49082733	82.94417596	24.617008	0.0	0	1	0	0	0	0	0	279	1258	1266	1124	1131	767	782					1262.0	1127.5	774.5
26832	0.0	1.0	0.0	0.0	0.0	0.0	0.0	13313.445219	41.21367914	68.30385316	55.66238272	19.411823	898.2379	0	1	0	0	0	0	0	341	1180	1189	1106	1116	787	803					1184.5	1111.0	795.0
27041	0.0	0.0	0.0	0.0	0.0	0.0	1.0	266151.77739	0.0	105.5007519	50.46341452	14.802531	29016.9884	0	0	0	0	0	0	1	6817	821	850	357	396	796	854	27041.0	5.0	7732.6564	1871.5784	835.5	376.5	825.0
27136	0.0	0.0	0.0	1.0	0.0	0.0	0.0	15109.393842	51.28503089	115.841746	87.2144697	15.778197	702.9688	0	0	0	1	0	0	0	387	833	850	558	574	800	814					841.5	566.0	807.0
27317	0.0	0.0	0.0	1.0	0.0	0.0	0.0	19989.689013	304.7792941	338.87491669999997	321.0478438	19.710379	0.0	0	0	0	1	0	0	0	512	992	1003	1179	1189	807	821					997.5	1184.0	814.0
27337	0.0	0.0	0.0	1.0	0.0	0.0	0.0	20341.070262	34.42427806	77.6829338	58.91698996	11.226345	39.0538	0	0	0	1	0	0	0	521	1235	1251	879	889	808	824					1243.0	884.0	816.0
27383	0.0	0.0	0.0	1.0	0.0	0.0	0.0	15187.478571	45.33560138	76.83172143	61.96514205	16.669985	0.0	0	0	0	1	0	0	0	389	1317	1326	786	796	810	819					1321.5	791.0	814.5
27551	0.0	0.0	0.0	0.0	0.0	0.0	1.0	18427.994559	97.74028814	124.4834929	110.2777723	16.474682	0.0	0	0	0	0	0	0	1	472	817	823	396	406	817	837					820.0	401.0	827.0
27737	0.0	1.0	0.0	0.0	0.0	0.0	0.0	10892.818818	68.9989986	94.99264684	81.95850212	12.708998	0.0	0	1	0	0	0	0	0	279	1260	1269	790	801	826	834					1264.5	795.5	830.0
27795	0.0	0.0	0.0	1.0	0.0	0.0	0.0	21629.468187	49.7525835	106.1459258	73.24439115	14.504988	0.0	0	0	0	1	0	0	0	554	992	1006	858	871	828	842					999.0	864.5	835.0
27815	0.0	1.0	0.0	0.0	0.0	0.0	0.0	48881.036412	0.0	2.916	0.00698722	64.923004	186950.637	0	1	0	0	0	0	0	1252	1249	1271	1192	1207	829	846	27815.0	1.0	48778.2214	5298.2492	1260.0	1199.5	837.5
27881	0.0	0.0	0.0	1.0	0.0	0.0	0.0	78279.934518	11.57109019	42.54028088	26.21886159	64.55791	15660.5819	0	0	0	1	0	0	0	2005	1111	1125	716	735	833	870					1118.0	725.5	851.5
27882	0.0	0.0	0.0	1.0	0.0	0.0	0.0	24401.475846	80.1565864	123.9533456	103.5777128	12.383483	0.0	0	0	0	1	0	0	0	625	988	998	837	852	833	846					993.0	844.5	839.5
27933	0.0	0.0	0.0	1.0	0.0	0.0	0.0	73868.14768499999	19.91944847	91.0799714	65.26018032	13.363255	5506.5886	0	0	0	1	0	0	0	1892	1001	1024	861	891	835	862					1012.5	876.0	848.5
27947	0.0	0.0	0.0	1.0	0.0	0.0	0.0	32912.710623	7.796810221	62.31222765	38.69395644	13.65873	273.3767	0	0	0	1	0	0	0	843	1000	1017	848	867	836	857					1008.5	857.5	846.5
28046	0.0	0.0	0.0	1.0	0.0	0.0	0.0	5291098.8957	0.0	164.6017472	75.88682445	32.72274	2090902.48	0	0	0	1	0	0	0	135522	1042	1147	725	815	841	953	28046.0	36.0	47098.9071	9654.6287	1094.5	770.0	897.0
28100	0.0	0.0	0.0	1.0	0.0	0.0	0.0	25338.492522	83.8343822	121.1963287	100.9840619	12.315343	0.0	0	0	0	1	0	0	0	649	959	969	719	733	845	856					964.0	726.0	850.5
28138	0.0	0.0	0.0	1.0	0.0	0.0	0.0	16046.410518	10.75244895	34.49600463	22.5239291	42.153126	0.0	0	0	0	1	0	0	0	411	1090	1098	749	757	847	862					1094.0	753.0	854.5
28193	1.0	0.0	0.0	0.0	0.0	0.0	0.0	45289.139175000004	0.0	36.49043938	18.26376817	16.206644	9490.0783	1	0	0	0	0	0	0	1160	1163	1177	1129	1142	851	870	28193.0	1.0	156.2153	60.2965	1170.0	1135.5	860.5
28239	0.0	0.0	0.0	1.0	0.0	0.0	0.0	42634.258596	70.83596056	101.9178861	87.40242787	18.830942	546.7535	0	0	0	1	0	0	0	1092	1063	1086	797	809	854	870					1074.5	803.0	862.0
28274	0.0	0.0	0.0	1.0	0.0	0.0	0.0	15187.478571	568.0865022	614.1813427	586.5563621	14.546313	0.0	0	0	0	1	0	0	0	389	849	856	941	951	856	873					852.5	946.0	864.5
28289	1.0	0.0	0.0	0.0	0.0	0.0	0.0	14562.800784	46.01763566	85.49124627	61.71477135	11.81132	0.0	1	0	0	0	0	0	0	373	1100	1113	508	517	857	870					1106.5	512.5	863.5
28321	1.0	0.0	0.0	0.0	0.0	0.0	0.0	629792.33103	24.30446277	127.1617903	86.97870674	21.529764	18081.9187	1	0	0	0	0	0	0	16131	1091	1142	476	509	859	912					1116.5	492.5	885.5
28323	1.0	0.0	0.0	0.0	0.0	0.0	0.0	9955.802141999999	66.54785305	93.31150887	80.83495959	12.936366	0.0	1	0	0	0	0	0	0	255	1315	1324	852	859	859	870					1319.5	855.5	864.5
28337	0.0	0.0	0.0	1.0	0.0	0.0	0.0	32678.456454	35.63526353	93.06805683	64.81438818	13.561971	0.0	0	0	0	1	0	0	0	837	1020	1034	860	874	860	876					1027.0	867.0	868.0
28395	0.0	1.0	0.0	0.0	0.0	0.0	0.0	12181.216743	355.3018084	392.4792997	375.3538234	7.8974977	0.0	0	1	0	0	0	0	0	312	1283	1293	527	534	863	877					1288.0	530.5	870.0
28559	0.0	1.0	0.0	0.0	0.0	0.0	0.0	16163.537597999999	155.6128378	183.4322551	168.8673539	10.589791	0.0	0	1	0	0	0	0	0	414	1195	1207	1204	1215	871	880					1201.0	1209.5	875.5
28615	1.0	0.0	0.0	0.0	0.0	0.0	0.0	21785.637636	72.9917736	123.8309982	94.42316119	12.151711	0.0	1	0	0	0	0	0	0	558	1341	1353	870	883	874	892					1347.0	876.5	883.0
28652	0.0	0.0	0.0	1.0	0.0	0.0	0.0	44586.376668000004	51.59776486	96.48255379	74.16928697	8.790961	2733.7674	0	0	0	1	0	0	0	1142	1048	1064	791	806	876	893					1056.0	798.5	884.5
28734	0.0	0.0	0.0	1.0	0.0	0.0	0.0	18037.57095	4.67889611	25.12851707	15.39780444	14.902347	3085.2518	0	0	0	1	0	0	0	462	1060	1071	839	847	880	902					1065.5	843.0	891.0
28819	1.0	0.0	0.0	0.0	0.0	0.0	0.0	26744.017527	14.6364	47.70882704	31.24304196	9.427365	0.0	1	0	0	0	0	0	0	685	1192	1202	711	721	884	901					1197.0	716.0	892.5
28847	0.0	0.0	0.0	1.0	0.0	0.0	0.0	114355.0764	0.0	104.238588	43.58947381	17.3973	32180.3478	0	0	0	1	0	0	0	2929	1042	1076	810	833	885	918	28847.0	8.0	10349.2623	2611.0574	1059.0	821.5	901.5
28865	0.0	0.0	0.0	1.0	0.0	0.0	0.0	42087.665538	93.85434435	140.9570383	119.5016289	16.140255	0.0	0	0	0	1	0	0	0	1078	1288	1300	1085	1097	886	904					1294.0	1091.0	895.0
29215	0.0	0.0	0.0	1.0	0.0	0.0	0.0	11127.072987	101.6886862	124.6392847	113.0622772	8.550387	0.0	0	0	0	1	0	0	0	285	1025	1034	795	804	902	913					1029.5	799.5	907.5
29355	0.0	0.0	0.0	1.0	0.0	0.0	0.0	28422.839069999998	87.18458983	124.5460197	106.4816604	14.626206	351.4844	0	0	0	1	0	0	0	728	1032	1043	787	798	914	927					1037.5	792.5	920.5
29356	0.0	0.0	0.0	1.0	0.0	0.0	0.0	23893.925148000002	2.916	37.40661874	19.53217649	33.87831	17535.1653	0	0	0	1	0	0	0	612	1135	1148	794	807	914	934					1141.5	800.5	924.0
29453	0.0	0.0	0.0	1.0	0.0	0.0	0.0	11088.030627	114.2972875	139.3343769	128.4087368	9.726649	0.0	0	0	0	1	0	0	0	284	1041	1051	797	807	923	932					1046.0	802.0	927.5
29619	0.0	0.0	0.0	1.0	0.0	0.0	0.0	13235.360499	79.78526786	110.3364488	95.35055755	14.461761	156.2153	0	0	0	1	0	0	0	339	1060	1068	783	791	934	946					1064.0	787.0	940.0
29682	0.0	0.0	0.0	1.0	0.0	0.0	0.0	35099.082855	50.23440849	93.95476807	70.38494583	14.481936	0.0	0	0	0	1	0	0	0	899	1041	1056	755	768	938	958					1048.5	761.5	948.0
29708	0.0	0.0	0.0	1.0	0.0	0.0	0.0	67035.734442	58.58309801	115.2690456	85.85500572	32.86096	1210.6684	0	0	0	1	0	0	0	1717	1153	1168	629	639	940	963					1160.5	634.0	951.5
29724	0.0	0.0	0.0	1.0	0.0	0.0	0.0	19169.799426	84.29958071	121.8712212	102.7624101	28.329939	0.0	0	0	0	1	0	0	0	491	1104	1114	794	802	941	957					1109.0	798.0	949.0
29852	1.0	0.0	0.0	0.0	0.0	0.0	0.0	21356.171658000003	45.33560138	114.2641012	77.23840111	22.992733	0.0	1	0	0	0	0	0	0	547	1181	1196	1025	1035	951	972					1188.5	1030.0	961.5
29863	0.0	0.0	0.0	1.0	0.0	0.0	0.0	12844.936881	46.94209584	72.33592176	59.06351299	38.1174	0.0	0	0	0	1	0	0	0	329	1169	1178	649	658	954	963					1173.5	653.5	958.5
29879	0.0	0.0	0.0	1.0	0.0	0.0	0.0	16046.410518	110.5386802	157.777135	131.7771196	14.448358	0.0	0	0	0	1	0	0	0	411	1061	1073	774	786	958	970					1067.0	780.0	964.0
29890	0.0	0.0	0.0	1.0	0.0	0.0	0.0	14211.419534999999	63.22727321	89.35828896	76.16338094	58.883934	0.0	0	0	0	1	0	0	0	364	1282	1290	1199	1208	961	971					1286.0	1203.5	966.0
3047	0.0	1.0	0.0	0.0	0.0	0.0	0.0	28969.432128	91.90995048	122.2708405	107.6997374	11.116288	0.0	0	1	0	0	0	0	0	742	703	717	956	972	87	104					710.0	964.0	95.5
3249	0.0	0.0	0.0	1.0	0.0	0.0	0.0	10580.479929000001	66.77922862	103.902472	86.19863952	15.5807	0.0	0	0	0	1	0	0	0	271	1430	1452	578	592	90	98					1441.0	585.0	94.0
335	0.0	1.0	0.0	0.0	0.0	0.0	0.0	13899.080646	3.6591	38.0023171	21.30881325	13.56647	3553.8976	0	1	0	0	0	0	0	356	1049	1062	1599	1609	20	33					1055.5	1604.0	26.5
374	0.0	1.0	0.0	0.0	0.0	0.0	0.0	14289.504255	96.12150097	123.4346179	109.1379663	29.27382	0.0	0	1	0	0	0	0	0	366	874	882	1693	1702	22	37					878.0	1697.5	29.5
377	1.0	0.0	0.0	0.0	0.0	0.0	0.0	31936.651587	103.9563883	140.2358481	122.1913612	16.241783	117.1615	1	0	0	0	0	0	0	818	1018	1030	1975	1990	22	35					1024.0	1982.5	28.5
417	0.0	0.0	0.0	1.0	0.0	0.0	0.0	23581.586259	34.85101997	66.01112832	50.50587748	11.925015	117.1615	0	0	0	1	0	0	0	604	1059	1068	1736	1745	24	43					1063.5	1740.5	33.5
495	1.0	0.0	0.0	0.0	0.0	0.0	0.0	1653404.9607	4.67889611	157.9942152	80.79816118	12.484163	147467.225	1	0	0	0	0	0	0	42349	217	289	1115	1206	28	111					253.0	1160.5	69.5
513	1.0	0.0	0.0	0.0	0.0	0.0	0.0	11400.369516	44.61027855	76.6495805	64.59957581	12.124393	0.0	1	0	0	0	0	0	0	292	649	660	1204	1210	29	46					654.5	1207.0	37.5
517	0.0	1.0	0.0	0.0	0.0	0.0	0.0	23034.993201	57.37258004	92.44300652	76.64212468	25.139227	0.0	0	1	0	0	0	0	0	590	811	825	2132	2142	29	47					818.0	2137.0	38.0
536	1.0	0.0	0.0	0.0	0.0	0.0	0.0	14523.758424	49.88258386	85.11392389	68.11506224	11.31321	78.1076	1	0	0	0	0	0	0	372	969	976	2035	2044	30	45					972.5	2039.5	37.5
572	1.0	0.0	0.0	0.0	0.0	0.0	0.0	15851.198709	44.49423128	96.5045396	83.95354658	12.953854	0.0	1	0	0	0	0	0	0	406	690	704	660	668	32	51					697.0	664.0	41.5
595	0.0	1.0	0.0	0.0	0.0	0.0	0.0	11009.945898000002	0.0	44.00591893	20.54820657	22.221586	3319.5747	0	1	0	0	0	0	0	282	514	529	1281	1289	33	42	595.0	2.0	156.2153	63.3753	521.5	1285.0	37.5
3525	0.0	0.0	0.0	1.0	0.0	0.0	0.0	16671.088295999998	120.3573171	160.7494521	139.8772228	22.859894	0.0	0	0	0	1	0	0	0	427	1411	1419	552	564	94	114					1415.0	558.0	104.0
3533	0.0	0.0	0.0	1.0	0.0	0.0	0.0	47085.087789	61.7342264	101.1502079	81.8166102	10.06251	0.0	0	0	0	1	0	0	0	1206	468	478	904	915	94	116					473.0	909.5	105.0
3685	1.0	0.0	0.0	0.0	0.0	0.0	0.0	26509.763358	22.71600064	60.44305765	42.8077418	10.889902	0.0	1	0	0	0	0	0	0	679	1181	1192	1471	1481	96	111					1186.5	1476.0	103.5
3813	0.0	0.0	0.0	1.0	0.0	0.0	0.0	47904.977385000006	32.08280196	85.2472138	60.1056773	10.348035	1757.4219	0	0	0	1	0	0	0	1227	493	504	900	911	98	118					498.5	905.5	108.0
4178	0.0	0.0	0.0	0.0	1.0	0.0	0.0	35060.040495	16.01717863	67.15663114	43.5428779	17.463198	195.2691	0	0	0	0	1	0	0	898	413	426	1163	1174	103	121					419.5	1168.5	112.0
4263	0.0	0.0	0.0	1.0	0.0	0.0	0.0	128254.15701000001	4.67889611	78.10098008	46.23750361	14.824858	11052.2311	0	0	0	1	0	0	0	3285	565	581	1327	1348	104	153					573.0	1337.5	128.5
4266	0.0	1.0	0.0	0.0	0.0	0.0	0.0	25143.280713	66.41796897	109.5833165	90.18575237	8.632462	156.2153	0	1	0	0	0	0	0	644	989	1001	2052	2069	104	120					995.0	2060.5	112.0
4347	1.0	0.0	0.0	0.0	0.0	0.0	0.0	18076.61331	62.31222765	90.25756296	75.98656888	24.059235	312.4306	1	0	0	0	0	0	0	463	125	135	840	847	105	126					130.0	843.5	115.5
4492	0.0	0.0	0.0	1.0	0.0	0.0	0.0	11283.242427	52.0872695	86.18059838	74.68733075	12.553169	0.0	0	0	0	1	0	0	0	289	686	694	1071	1081	107	118					690.0	1076.0	112.5
4546	0.0	1.0	0.0	0.0	0.0	0.0	0.0	14640.885504	51.67515294	78.26327518	67.83846892	33.290356	351.4844	0	1	0	0	0	0	0	375	998	1010	1800	1814	108	121					1004.0	1807.0	114.5
4619	0.0	1.0	0.0	0.0	0.0	0.0	0.0	26041.25502	73.13993649	125.7714754	103.6751333	34.923065	234.3229	0	1	0	0	0	0	0	667	1281	1296	1179	1190	109	126					1288.5	1184.5	117.5
5129	0.0	1.0	0.0	0.0	0.0	0.0	0.0	22722.654312	39.83889695	79.30340124	60.89394638	86.04153	0.0	0	1	0	0	0	0	0	582	751	763	1090	1101	115	132					757.0	1095.5	123.5
5212	0.0	1.0	0.0	0.0	0.0	0.0	0.0	2624739.8688	3.6591	125.7924041	75.81668019	15.403327	155980.958	0	1	0	0	0	0	0	67228	902	959	1696	1766	116	185					930.5	1731.0	150.5
5701	1.0	0.0	0.0	0.0	0.0	0.0	0.0	839801.19276	45.16106775	125.1641686	90.49267621	19.013186	39.0538	1	0	0	0	0	0	0	21510	731	769	329	364	123	174					750.0	346.5	148.5
5814	1.0	0.0	0.0	0.0	0.0	0.0	0.0	9760.590342	55.20025515	130.7379076	87.38955809	9.757441	0.0	1	0	0	0	0	0	0	250	230	236	1084	1106	124	143					233.0	1095.0	133.5
5831	0.0	1.0	0.0	0.0	0.0	0.0	0.0	13781.953557	117.8535466	163.0471842	145.4228015	23.972057	0.0	0	1	0	0	0	0	0	353	888	905	2658	2669	124	132					896.5	2663.5	128.0
773	1.0	0.0	0.0	0.0	0.0	0.0	0.0	107483.62077	22.89825905	108.8297177	69.98681664	13.973246	195.2691	1	0	0	0	0	0	0	2753	271	290	1173	1191	40	75					280.5	1182.0	57.5
792	1.0	0.0	0.0	0.0	0.0	0.0	0.0	168975.33993	4.67889611	108.8319364	62.18609261	17.029621	10974.1235	1	0	0	0	0	0	0	4328	316	352	893	921	41	66					334.0	907.0	53.5
854	1.0	0.0	0.0	0.0	0.0	0.0	0.0	48490.612802999996	10.0477504	62.79117099	41.16832436	28.967253	2421.3369	1	0	0	0	0	0	0	1242	470	487	1364	1383	43	62					478.5	1373.5	52.5
6330	0.0	1.0	0.0	0.0	0.0	0.0	0.0	9018.785475	108.3516498	137.9399862	126.9001324	44.132687	5975.2345	0	1	0	0	0	0	0	231	811	823	939	947	130	139					817.0	943.0	134.5
6400	1.0	0.0	0.0	0.0	0.0	0.0	0.0	45718.605144	10.0477504	93.70471691	51.93809162	14.535011	468.6458	1	0	0	0	0	0	0	1171	708	717	848	864	131	174					712.5	856.0	152.5
6581	0.0	0.0	0.0	1.0	0.0	0.0	0.0	14562.800784	49.88695799	81.52826649	65.46483831	22.769047	1054.4531	0	0	0	1	0	0	0	373	958	967	2699	2709	133	142					962.5	2704.0	137.5
6727	0.0	0.0	0.0	1.0	0.0	0.0	0.0	81832.789395	0.0	44.89527948	21.96647646	9.544571	17886.6496	0	0	0	1	0	0	0	2096	844	859	1800	1821	135	161	6727.0	5.0	2382.283	645.3022	851.5	1810.5	148.0
6952	1.0	0.0	0.0	0.0	0.0	0.0	0.0	36114.184251	19.20254005	79.04974642	51.82068771	8.235303	898.2379	1	0	0	0	0	0	0	925	346	362	428	443	138	150					354.0	435.5	144.0
7057	0.0	0.0	0.0	1.0	0.0	0.0	0.0	12571.640351999999	4.67889611	34.61820234	17.67850178	16.200853	117.1615	0	0	0	1	0	0	0	322	531	539	1612	1622	139	149					535.0	1617.0	144.0
7163	1.0	0.0	0.0	0.0	0.0	0.0	0.0	15109.393842	33.44431583	71.2129859	49.21795814	14.412672	0.0	1	0	0	0	0	0	0	387	255	261	1005	1012	140	165					258.0	1008.5	152.5
7256	0.0	0.0	0.0	1.0	0.0	0.0	0.0	409320.11646	7.796810221	106.1871346	60.23589326	12.218107	122004.134	0	0	0	1	0	0	0	10484	358	415	1131	1220	141	204					386.5	1175.5	172.5
7338	0.0	1.0	0.0	0.0	0.0	0.0	0.0	27485.822394	2.916	36.88893262	20.89878991	19.66701	4803.6199	0	1	0	0	0	0	0	704	789	798	1137	1148	142	173					793.5	1142.5	157.5
7508	0.0	0.0	0.0	1.0	0.0	0.0	0.0	24635.730015	81.73574668	113.1348217	97.86351344	9.351849	0.0	0	0	0	1	0	0	0	631	322	334	408	417	144	154					328.0	412.5	149.0
7529	0.0	0.0	0.0	1.0	0.0	0.0	0.0	9838.675062	111.6127835	156.609294	129.1386369	11.671912	0.0	0	0	0	1	0	0	0	252	226	238	256	266	145	160					232.0	261.0	152.5
7759	1.0	0.0	0.0	0.0	0.0	0.0	0.0	26197.424468999998	147.0052883	257.7815057	200.0636574	9.899226	2382.283	1	0	0	0	0	0	0	671	217	238	1108	1135	147	175					227.5	1121.5	161.0
7804	0.0	0.0	0.0	1.0	0.0	0.0	0.0	10072.929231	43.98653928	69.28945697	55.84554938	14.908202	0.0	0	0	0	1	0	0	0	258	866	875	348	355	148	156					870.5	351.5	152.0
7836	1.0	0.0	0.0	0.0	0.0	0.0	0.0	269626.54752	24.7185888	102.561582	74.74298181	54.297043	6717.2571	1	0	0	0	0	0	0	6906	746	769	753	783	148	180					757.5	768.0	164.0
7901	0.0	0.0	0.0	1.0	0.0	0.0	0.0	9799.632701999999	208.1655239	234.9264457	220.973906	9.709679	0.0	0	0	0	1	0	0	0	251	1185	1196	361	369	149	163					1190.5	365.0	156.0
8088	0.0	1.0	0.0	0.0	0.0	0.0	0.0	27720.076563	4.67889611	38.78094285	18.70095521	22.486252	18277.1878	0	1	0	0	0	0	0	710	706	724	1157	1174	151	166					715.0	1165.5	158.5
8486	0.0	1.0	0.0	0.0	0.0	0.0	0.0	21707.552916	88.89137374	134.1379735	117.5626905	25.526285	0.0	0	1	0	0	0	0	0	556	727	737	1085	1101	156	172					732.0	1093.0	164.0
8491	1.0	0.0	0.0	0.0	0.0	0.0	0.0	25689.873771	113.7450015	148.8844467	131.2368769	11.198807	0.0	1	0	0	0	0	0	0	658	642	654	2269	2280	156	171					648.0	2274.5	163.5
8645	0.0	0.0	0.0	1.0	0.0	0.0	0.0	11009.945898000002	4.67889611	36.00902709	18.55597624	25.156921	1054.4531	0	0	0	1	0	0	0	282	552	566	2643	2654	158	170					559.0	2648.5	164.0
9007	0.0	0.0	0.0	1.0	0.0	0.0	0.0	14523.758424	138.7935263	164.1810318	151.5602952	13.297487	0.0	0	0	0	1	0	0	0	372	204	216	405	422	163	170					210.0	413.5	166.5
9008	0.0	0.0	0.0	1.0	0.0	0.0	0.0	13860.038277	149.3171846	180.4907725	164.1780735	10.594132	0.0	0	0	0	1	0	0	0	355	212	224	412	425	163	173					218.0	418.5	168.0
9038	0.0	0.0	0.0	1.0	0.0	0.0	0.0	10190.056311	203.6005567	238.6160995	222.6041673	11.396996	0.0	0	0	0	1	0	0	0	261	164	174	257	263	164	174					169.0	260.0	169.0
9174	1.0	0.0	0.0	0.0	0.0	0.0	0.0	559672.25004	0.0	73.00164549	38.87054612	10.133805	135204.325	1	0	0	0	0	0	0	14335	389	452	911	969	165	210	9174.0	20.0	12536.2763	3547.1869	420.5	940.0	187.5
9196	1.0	0.0	0.0	0.0	0.0	0.0	0.0	10307.1834	184.1265075	204.3816597	193.3923547	10.756409	0.0	1	0	0	0	0	0	0	264	775	783	2262	2268	165	183					779.0	2265.0	174.0
911	1.0	0.0	0.0	0.0	0.0	0.0	0.0	24245.306397	14.42461059	39.43709236	26.73251769	55.319355	2069.8525	1	0	0	0	0	0	0	621	503	513	1155	1167	45	73					508.0	1161.0	59.0
912	1.0	0.0	0.0	0.0	0.0	0.0	0.0	31233.88908	35.87388433	80.24792866	58.00147643	14.594907	0.0	1	0	0	0	0	0	0	800	293	305	1184	1196	45	66					299.0	1190.0	55.5
962	0.0	1.0	0.0	0.0	0.0	0.0	0.0	28891.347399	61.27667965	91.95488721	78.22297347	15.102257	0.0	0	1	0	0	0	0	0	740	687	702	2802	2814	46	70					694.5	2808.0	58.0
1001	1.0	0.0	0.0	0.0	0.0	0.0	0.0	119313.45629999999	71.99796334	129.4484037	106.5508528	17.910276	468.6458	1	0	0	0	0	0	0	3056	473	494	1134	1161	48	77					483.5	1147.5	62.5
1142	1.0	0.0	0.0	0.0	0.0	0.0	0.0	12532.597992	38.32733797	62.5810637	52.01699156	14.78279	0.0	1	0	0	0	0	0	0	321	491	499	1507	1515	52	64					495.0	1511.0	58.0
1179	0.0	0.0	0.0	1.0	0.0	0.0	0.0	38261.514123	52.70261426	122.5148415	94.07912673	11.032006	78.1076	0	0	0	1	0	0	0	980	942	955	1661	1670	53	82					948.5	1665.5	67.5
9286	1.0	0.0	0.0	0.0	0.0	0.0	0.0	253541.09466	67.11742101	145.8543573	112.9009334	69.553375	7264.0106	1	0	0	0	0	0	0	6494	1064	1092	1504	1537	166	199					1078.0	1520.5	182.5
9331	0.0	0.0	0.0	1.0	0.0	0.0	0.0	32053.778676	33.64388911	77.67598613	55.18510031	10.474164	0.0	0	0	0	1	0	0	0	821	174	184	380	393	167	181					179.0	386.5	174.0
9365	0.0	0.0	1.0	0.0	0.0	0.0	0.0	30882.507831000003	53.96859846	95.10629702	77.09298798	22.146965	781.0764	0	0	1	0	0	0	0	791	490	504	1401	1425	167	184					497.0	1413.0	175.5
9446	0.0	1.0	0.0	0.0	0.0	0.0	0.0	260568.71964	0.0	144.7181098	72.38120058	33.158325	143405.628	0	1	0	0	0	0	0	6674	719	763	1092	1138	168	226	9446.0	1.0	7459.2797	1612.2908	741.0	1115.0	197.0
9466	0.0	1.0	0.0	0.0	0.0	0.0	0.0	44117.868330000005	93.36305739	144.5719614	121.959133	63.403034	0.0	0	1	0	0	0	0	0	1130	883	897	2793	2811	168	187					890.0	2802.0	177.5
9612	0.0	0.0	0.0	0.0	0.0	1.0	0.0	11048.988267	128.8116314	164.003007	147.1305244	15.144179	0.0	0	0	0	0	0	1	0	283	371	381	2743	2751	170	182					376.0	2747.0	176.0
9788	1.0	0.0	0.0	0.0	0.0	0.0	0.0	92257.09992000001	9.35779222	109.5557546	49.51612965	10.307944	9607.2398	1	0	0	0	0	0	0	2363	617	636	1984	2016	173	194					626.5	2000.0	183.5
9838	0.0	0.0	1.0	0.0	0.0	0.0	0.0	17139.596633999998	80.40071365	109.0369583	93.74605911	21.457003	351.4844	0	0	1	0	0	0	0	439	503	512	1422	1439	174	189					507.5	1430.5	181.5
9952	1.0	0.0	0.0	0.0	0.0	0.0	0.0	499898.39480999997	58.41541738	173.6423674	125.2663817	21.478138	0.0	1	0	0	0	0	0	0	12804	887	919	323	366	177	220					903.0	344.5	198.5
9968	0.0	1.0	0.0	0.0	0.0	0.0	0.0	24713.814735	56.74261592	124.8160486	92.94483509	36.70568	0.0	0	1	0	0	0	0	0	633	737	755	1100	1121	177	207					746.0	1110.5	192.0
10110	0.0	0.0	0.0	1.0	0.0	0.0	0.0	216216.59715000002	34.54290791	125.208632	91.44216733	19.691296	12575.3301	0	0	0	1	0	0	0	5538	546	576	1127	1149	180	230					561.0	1138.0	205.0
10153	1.0	0.0	0.0	0.0	0.0	0.0	0.0	11283.242427	31.65973282	63.31946564	46.8195365	9.145728	0.0	1	0	0	0	0	0	0	289	707	716	707	715	181	193					711.5	711.0	187.0
